Serial,PO Number,Contractor/ Firm,PO Issue Date,Items Demanded,Quantity Demanded,PO Amount (PKR),Items Delivered,Quantity Delivered,Number of Deliveries,Number of Rejection Events
1,PO-25-97511,Islamabad Tech Supply Co.,2024-11-26,9,1046,4261911,7,739,3,3
2,PO-24-20965,Abbottabad Smart Motors,2024-10-22,1,29,2744263,1,27,2,2
3,PO-25-20486,Faisalabad Drive Systems,2024-09-03,3,255,3561897,2,154,2,0
4,PO-24-80620,MechLabs Pakistan,2025-04-19,9,1161,1560763,9,1161,3,0
5,PO-25-30088,AlphaDrive Pakistan,2024-07-05,9,1334,1539131,8,1226,2,0
6,PO-25-68969,Quetta Auto Parts House,2025-01-31,3,339,2839610,1,202,3,1
7,PO-25-63527,MechLabs Pakistan,2025-06-02,2,306,4082669,1,153,1,0
8,PO-25-29172,DeltaTech Assemblers,2024-08-10,3,129,1304067,2,91,3,1
9,PO-25-12785,Lahore Motor Works,2024-09-24,5,414,4885353,3,237,3,2
10,PO-25-90762,Advance Auto Solutions,2024-11-08,3,201,983418,1,148,1,0
11,PO-25-65385,TorqueWorks Pakistan,2024-08-13,9,986,2952970,8,855,4,0
12,PO-25-67528,AlphaDrive Pakistan,2024-07-14,5,417,973461,5,340,3,0
13,PO-24-11990,TorqueWorks Pakistan,2025-06-09,3,279,3471224,2,155,3,0
14,PO-25-85620,Pak Mobility Systems,2024-12-14,1,157,417437,1,149,4,1
15,PO-24-82915,Peshawar Mechatronics,2025-01-18,9,811,290720,9,811,2,0
16,PO-25-95165,Karachi Gear & Tools,2025-02-08,1,162,2025823,1,148,3,0
17,PO-24-58518,Quetta Auto Parts House,2025-02-16,4,313,3983751,4,196,1,1
18,PO-24-79878,Hyderabad Tech Fabricators,2025-03-15,8,750,275506,6,473,3,0
19,PO-24-39164,TechnoAuto Pvt Ltd,2025-04-10,8,855,3362634,7,678,5,2
20,PO-25-94453,Faisalabad Drive Systems,2025-04-26,7,739,2050778,6,475,4,0
21,PO-24-49194,Quetta Auto Parts House,2024-12-21,2,133,65137,2,130,5,1
22,PO-24-14143,Multan TurboTech,2024-08-05,8,772,4748625,6,526,2,0
23,PO-25-57867,Advance Auto Solutions,2025-01-15,6,453,3659822,4,253,2,0
24,PO-25-84166,DeltaTech Assemblers,2024-10-22,6,652,3536426,4,352,2,0
25,PO-24-11685,Sialkot Precision Motors,2024-12-03,6,545,1903745,4,346,2,0
26,PO-24-11224,TechnoAuto Pvt Ltd,2025-01-02,5,415,1541179,4,247,1,0
27,PO-24-83848,Advance Auto Solutions,2024-07-02,7,729,3290248,4,390,3,0
28,PO-24-46088,Mardan AutoElectrics,2024-08-04,9,1329,549398,3,664,3,0
29,PO-25-97905,Peshawar Mechatronics,2025-05-05,3,349,1063617,1,276,4,0
30,PO-24-39315,TechnoAuto Pvt Ltd,2024-08-28,9,844,1112638,6,557,2,0
31,PO-25-57332,Pak Mechtronics Co.,2024-08-27,1,20,4742312,1,20,2,0
32,PO-25-27441,Karachi Gear & Tools,2024-11-21,4,584,3124791,3,554,3,0
33,PO-25-92839,Karachi Gear & Tools,2024-09-28,2,257,4842311,1,156,4,1
34,PO-25-90765,Peshawar Mechatronics,2025-01-14,5,672,1289168,3,436,2,0
35,PO-24-84054,Karachi Gear & Tools,2024-11-30,3,272,2431516,2,148,3,1
36,PO-24-96560,Multan TurboTech,2024-09-05,5,212,1894631,4,208,3,0
37,PO-24-25561,Abbottabad Smart Motors,2025-02-10,3,417,86279,3,417,3,0
38,PO-25-81623,Mardan AutoElectrics,2024-11-21,5,637,2799738,4,449,3,0
39,PO-25-92227,Pak Mechtronics Co.,2024-07-09,4,217,851402,3,173,4,0
40,PO-25-96302,Sigma Gear Pakistan,2024-09-14,3,266,4812901,1,207,2,0
41,PO-25-26300,Quetta Auto Parts House,2024-10-20,3,228,3031200,2,179,2,0
42,PO-24-12603,Karachi Gear & Tools,2025-03-31,4,303,2799484,2,152,2,0
43,PO-24-56620,Quetta Auto Parts House,2025-01-20,5,492,632866,4,376,2,0
44,PO-24-91953,MechLabs Pakistan,2025-05-29,6,548,2946268,4,380,4,1
45,PO-24-52604,Vertex Automotives,2024-07-20,7,695,3214615,4,425,2,1
46,PO-24-92099,Vertex Automotives,2024-09-11,8,714,100314,7,627,3,0
47,PO-24-30144,Sigma Gear Pakistan,2025-05-01,2,65,464687,1,45,4,1
48,PO-25-71722,AutoLogic Supplies,2024-11-20,1,141,4800432,1,141,5,0
49,PO-24-10590,Multan TurboTech,2025-04-01,7,766,1218021,6,690,3,0
50,PO-24-10145,Sialkot Precision Motors,2025-03-21,5,485,2582517,3,260,4,0
51,PO-25-23329,Rawalpindi Powertrain Systems,2024-09-10,1,146,2305550,1,146,5,1
52,PO-25-50634,NexGen Tech & Motors,2024-08-21,9,955,4861674,7,752,2,0
53,PO-24-26849,Karachi Gear & Tools,2025-06-05,1,28,4497605,1,28,5,1
54,PO-24-76358,Mardan AutoElectrics,2025-05-11,7,454,920586,7,406,5,2
55,PO-24-35314,AlphaDrive Pakistan,2025-02-17,4,341,4422366,3,254,2,3
56,PO-24-15094,Peshawar Mechatronics,2025-02-05,7,746,1581266,2,501,4,2
57,PO-25-79534,Pak Mechtronics Co.,2025-03-04,7,469,1199993,5,355,4,0
58,PO-25-91415,Hyderabad Tech Fabricators,2024-09-06,1,137,2103267,1,121,2,0
59,PO-25-85903,Sheikhupura Transmission Co.,2024-12-05,9,1063,3165935,6,813,3,0
60,PO-25-93600,DeltaTech Assemblers,2025-04-20,5,404,3822849,1,202,2,0
61,PO-25-43299,AlphaDrive Pakistan,2025-03-26,6,549,3178451,4,465,2,0
62,PO-25-34115,TorqueWorks Pakistan,2025-04-20,2,211,3481151,1,133,3,1
63,PO-25-83524,Islamabad Tech Supply Co.,2025-03-25,2,173,4791244,1,105,2,0
64,PO-24-58766,Zenith Motor Parts,2025-01-02,1,117,2410469,1,117,3,0
65,PO-24-87435,GearHub Engineering,2024-09-27,4,413,3112971,3,227,4,2
66,PO-25-53191,Rawalpindi Powertrain Systems,2025-04-10,8,812,1884766,7,680,5,0
67,PO-25-15612,Orbit Tech Industries,2024-09-02,6,852,3214467,5,686,4,2
68,PO-25-98214,Sialkot Precision Motors,2024-11-09,6,671,3921261,2,450,3,1
69,PO-24-21786,Rawalpindi Powertrain Systems,2025-05-26,4,500,234625,1,251,4,1
70,PO-24-28368,Faisalabad Drive Systems,2025-03-31,2,284,4068585,2,210,2,0
71,PO-25-66325,Sheikhupura Transmission Co.,2024-07-06,4,531,2327901,4,531,3,0
72,PO-25-40551,Quetta Auto Parts House,2025-06-27,7,680,4602685,6,587,3,0
73,PO-25-23179,BluePeak Motors,2024-11-14,1,198,3921003,1,188,2,0
74,PO-25-71460,TorqueWorks Pakistan,2025-05-04,1,61,3503627,1,61,4,1
75,PO-25-14949,AutoLogic Supplies,2024-08-17,8,717,128346,4,498,2,0
76,PO-24-99952,Islamabad Tech Supply Co.,2025-04-11,2,283,2586646,1,164,3,0
77,PO-24-52405,Faisalabad Drive Systems,2024-12-11,7,687,2699237,7,687,1,0
78,PO-24-35191,Khan AutoTech Pvt Ltd,2024-10-31,6,534,2517364,6,534,5,1
79,PO-25-75130,Quetta Auto Parts House,2024-09-03,3,90,847635,2,55,3,0
80,PO-24-56476,Hyderabad Tech Fabricators,2025-01-28,6,740,1879334,6,615,5,1
81,PO-24-91188,Sialkot Precision Motors,2025-01-22,2,109,3507494,1,54,2,0
82,PO-24-46329,Lahore Motor Works,2024-08-13,5,468,1029218,4,392,2,0
83,PO-24-89883,Vertex Automotives,2025-06-27,8,878,1606927,8,732,2,0
84,PO-24-99083,Hyderabad Tech Fabricators,2025-02-17,1,153,3771982,1,153,3,0
85,PO-24-63677,BluePeak Motors,2025-05-15,4,488,4942158,4,377,3,1
86,PO-25-21201,DeltaTech Assemblers,2025-03-18,6,535,118847,4,402,2,0
87,PO-25-90389,Sukkur Tech Dynamics,2025-03-13,1,126,3261372,1,126,3,0
88,PO-25-60567,MechLabs Pakistan,2025-01-27,2,187,2126206,2,187,4,0
89,PO-24-57197,Vertex Automotives,2025-02-19,3,286,474873,2,148,1,1
90,PO-24-24051,TechnoAuto Pvt Ltd,2024-08-15,4,589,1811385,4,589,2,0
91,PO-25-32271,Rawalpindi Powertrain Systems,2025-04-04,2,369,3787025,1,225,5,1
92,PO-24-10343,Islamabad Tech Supply Co.,2025-03-29,3,424,3307385,2,303,3,0
93,PO-25-53431,Rawalpindi Powertrain Systems,2025-02-11,9,841,3529547,6,656,2,0
94,PO-25-19064,Sargodha Auto Components,2024-08-17,5,724,4205952,3,362,2,0
95,PO-24-70685,Pak Mobility Systems,2025-01-23,5,237,1537358,3,182,3,1
96,PO-25-58769,Gilgit Engine & Assembly,2024-08-16,8,970,662199,5,485,3,0
97,PO-25-10613,Pak Mobility Systems,2024-09-11,6,877,1398870,6,771,2,1
98,PO-24-63360,Sukkur Tech Dynamics,2024-10-08,9,1128,1472709,5,644,4,1
99,PO-24-77060,GearHub Engineering,2025-04-24,3,206,765101,2,190,3,2
100,PO-24-26018,NexGen Tech & Motors,2025-04-03,9,828,1798814,6,533,2,0
101,PO-24-79570,Pak Mobility Systems,2024-07-21,1,77,2145788,1,70,3,0
102,PO-25-56050,Orbit Tech Industries,2025-03-17,8,766,1891315,5,468,4,1
103,PO-24-58860,Karachi Gear & Tools,2024-09-03,9,680,4102071,9,640,2,1
104,PO-25-82946,Peshawar Mechatronics,2025-04-25,2,231,1007482,1,128,3,0
105,PO-24-86212,BluePeak Motors,2024-09-15,2,229,4994433,1,139,3,0
106,PO-24-68095,Peshawar Mechatronics,2025-04-02,9,1195,1948183,8,950,2,0
107,PO-24-12124,Gilgit Engine & Assembly,2025-01-29,5,543,4184197,4,527,2,1
108,PO-24-24721,Karachi Gear & Tools,2025-06-07,2,182,3632922,1,133,2,0
109,PO-24-91929,Bahawalpur Tech Traders,2024-09-26,8,775,2435100,8,708,2,0
110,PO-25-11483,Sheikhupura Transmission Co.,2025-05-10,6,700,1078158,6,700,1,0
111,PO-25-42479,Bahawalpur Tech Traders,2025-01-23,5,509,3787892,4,486,5,2
112,PO-24-88869,Orbit Tech Industries,2025-01-10,4,284,4346732,3,211,3,0
113,PO-24-42099,Gilgit Engine & Assembly,2024-08-25,1,44,3779015,1,43,1,0
114,PO-24-39687,Sargodha Auto Components,2024-11-24,3,263,3538637,2,216,2,0
115,PO-25-20898,TechnoAuto Pvt Ltd,2024-11-20,5,511,3282114,3,297,2,0
116,PO-25-81640,TechnoAuto Pvt Ltd,2025-05-02,1,79,317258,1,66,4,1
117,PO-25-16268,Bahawalpur Tech Traders,2025-03-21,6,517,4432877,4,414,4,0
118,PO-25-78398,Karachi Gear & Tools,2024-08-09,8,733,81583,7,669,3,1
119,PO-24-85117,MechLabs Pakistan,2024-10-28,8,922,760546,8,922,5,1
120,PO-25-13353,Advance Auto Solutions,2025-05-31,6,792,1144683,6,792,5,0
121,PO-25-57528,Karachi Gear & Tools,2025-06-25,2,381,1343452,2,375,2,1
122,PO-25-66220,Quetta Auto Parts House,2024-12-30,3,306,3982955,2,248,3,0
123,PO-25-43673,Lahore Motor Works,2024-08-02,6,691,3397206,4,668,2,1
124,PO-25-11272,Lahore Motor Works,2024-07-11,9,933,3928042,6,559,3,0
125,PO-25-17817,BluePeak Motors,2024-07-13,8,979,999104,6,627,2,2
126,PO-24-40458,Advance Auto Solutions,2024-07-21,9,1199,1553855,4,600,5,2
127,PO-25-71964,Advance Auto Solutions,2024-09-14,9,976,4451068,6,714,4,1
128,PO-25-29783,Advance Auto Solutions,2024-10-01,6,784,1803334,3,425,3,1
129,PO-24-60388,Hyderabad Tech Fabricators,2025-02-04,9,1123,2717710,3,562,1,0
130,PO-24-77858,Orbit Tech Industries,2024-09-17,8,974,359377,4,507,3,1
131,PO-25-86391,Sukkur Tech Dynamics,2025-01-17,5,484,2249332,3,242,3,0
132,PO-25-50140,Bahawalpur Tech Traders,2025-02-03,4,514,2556778,2,342,2,0
133,PO-24-68918,Sialkot Precision Motors,2025-04-14,5,815,4800482,3,478,3,0
134,PO-25-10990,AutoLogic Supplies,2025-04-25,1,165,2471806,1,165,3,1
135,PO-24-36987,Pak Mobility Systems,2024-07-27,8,804,3480522,7,804,1,0
136,PO-24-90999,Faisalabad Drive Systems,2024-11-07,9,765,199436,5,382,4,0
137,PO-24-25340,Gujranwala Automotive Solutions,2024-09-11,3,196,2603021,1,119,3,3
138,PO-25-70080,Khan AutoTech Pvt Ltd,2024-10-07,7,730,1330814,4,434,5,0
139,PO-24-51744,Quetta Auto Parts House,2025-03-24,6,789,3024304,4,429,5,0
140,PO-25-53050,Bahawalpur Tech Traders,2024-11-30,9,1346,1181361,9,1346,2,1
141,PO-24-34321,Hyderabad Tech Fabricators,2024-09-11,3,262,3381475,2,195,2,0
142,PO-24-32933,GearHub Engineering,2025-06-11,2,103,4002457,1,55,2,2
143,PO-25-40738,Gilgit Engine & Assembly,2025-04-07,6,666,2024438,5,471,2,0
144,PO-24-76252,TechnoAuto Pvt Ltd,2025-02-26,9,959,3446041,6,777,1,1
145,PO-24-40548,TorqueWorks Pakistan,2025-04-07,6,722,3417778,5,722,5,3
146,PO-24-42232,Quetta Auto Parts House,2024-12-07,7,785,3192243,7,564,4,0
147,PO-25-93136,Khan AutoTech Pvt Ltd,2025-03-09,2,261,582983,1,130,3,2
148,PO-24-76848,Peshawar Mechatronics,2024-11-13,6,651,1052119,5,451,4,2
149,PO-24-16992,TechnoAuto Pvt Ltd,2025-04-04,5,556,2766950,2,294,4,0
150,PO-25-31942,Hyderabad Tech Fabricators,2025-02-17,3,356,4175938,3,356,4,1
151,PO-25-49644,Vertex Automotives,2024-11-19,6,684,4916063,5,536,1,1
152,PO-24-11934,NexGen Tech & Motors,2025-03-26,1,151,2026460,1,143,4,0
153,PO-25-48228,Sukkur Tech Dynamics,2024-07-17,4,340,3770829,3,287,1,1
154,PO-25-84593,BluePeak Motors,2025-06-13,7,813,3942667,5,595,1,1
155,PO-24-28183,Sialkot Precision Motors,2024-11-01,8,648,1859195,7,568,3,1
156,PO-25-72014,BluePeak Motors,2024-10-12,2,178,2297096,1,89,5,1
157,PO-24-55520,Faisalabad Drive Systems,2024-10-18,1,59,4384901,1,59,4,0
158,PO-25-25493,Gujranwala Automotive Solutions,2024-11-30,5,876,1733458,3,475,3,2
159,PO-24-37913,Gilgit Engine & Assembly,2025-04-29,9,1075,2794054,6,538,1,1
160,PO-24-93886,Gujranwala Automotive Solutions,2025-01-13,5,569,1092057,5,569,4,0
161,PO-24-14398,Islamabad Tech Supply Co.,2025-06-26,3,314,3004984,3,314,2,1
162,PO-24-45558,Rawalpindi Powertrain Systems,2025-01-16,5,560,251541,3,344,3,0
163,PO-24-60378,Mardan AutoElectrics,2025-04-22,3,350,2851857,2,201,2,0
164,PO-24-78567,Zenith Motor Parts,2025-04-26,4,523,4337417,2,262,4,0
165,PO-25-26415,Mardan AutoElectrics,2025-03-04,5,605,4706444,5,605,3,0
166,PO-24-20369,Pak Mechtronics Co.,2024-11-15,5,553,4142149,4,553,2,0
167,PO-25-71864,Zenith Motor Parts,2025-02-06,8,979,2866026,8,979,3,0
168,PO-25-67026,Vertex Automotives,2024-07-08,6,705,2625698,5,579,2,0
169,PO-25-90668,Faisalabad Drive Systems,2024-11-07,3,316,4131752,2,220,1,2
170,PO-24-33785,NexGen Tech & Motors,2024-10-23,1,142,4439098,1,105,2,1
171,PO-24-13223,Bahawalpur Tech Traders,2024-10-09,7,799,1848964,6,692,2,0
172,PO-24-22501,Khan AutoTech Pvt Ltd,2025-03-02,3,340,631530,2,212,3,0
173,PO-25-85976,Sargodha Auto Components,2024-10-06,7,690,3089427,6,608,2,1
174,PO-24-34128,Zenith Motor Parts,2025-02-06,9,931,4803212,7,766,5,0
175,PO-24-76703,Faisalabad Drive Systems,2024-12-19,4,311,4104579,2,156,2,1
176,PO-24-36638,Abbottabad Smart Motors,2025-06-27,6,706,662679,5,582,5,1
177,PO-24-46171,AutoLogic Supplies,2024-07-15,8,613,4943310,5,338,3,0
178,PO-24-73088,Sheikhupura Transmission Co.,2024-07-07,7,1046,756798,4,727,2,1
179,PO-24-56658,Zenith Motor Parts,2024-07-07,1,46,1033431,1,46,1,0
180,PO-24-47210,AutoLogic Supplies,2025-05-15,7,740,398727,6,718,3,0
181,PO-24-37747,Sheikhupura Transmission Co.,2024-10-18,4,377,3188052,3,256,2,1
182,PO-25-44870,DeltaTech Assemblers,2024-09-17,7,1065,2934967,5,619,2,1
183,PO-24-75900,TorqueWorks Pakistan,2025-05-27,6,567,4739485,6,510,2,0
184,PO-25-64120,TorqueWorks Pakistan,2025-05-14,6,393,4123269,1,247,3,0
185,PO-24-83131,Sigma Gear Pakistan,2025-01-19,7,691,3633919,4,480,1,2
186,PO-24-69814,Pak Mechtronics Co.,2024-12-25,1,22,1635370,1,20,2,0
187,PO-25-46661,Sargodha Auto Components,2025-03-10,9,886,2573055,6,503,2,0
188,PO-25-70813,Faisalabad Drive Systems,2024-11-18,5,705,4166403,4,659,2,0
189,PO-24-66649,Lahore Motor Works,2025-02-03,1,171,2124571,1,153,5,0
190,PO-25-62228,Quetta Auto Parts House,2024-08-10,9,616,2247727,6,543,4,0
191,PO-25-96996,Rawalpindi Powertrain Systems,2024-08-31,8,920,1467899,6,737,5,0
192,PO-25-59109,Bahawalpur Tech Traders,2025-06-01,8,767,914242,7,767,4,0
193,PO-25-73961,Gilgit Engine & Assembly,2025-05-28,6,568,3578883,3,312,1,0
194,PO-25-53919,Gilgit Engine & Assembly,2024-09-15,6,924,3278240,5,657,4,0
195,PO-24-38833,Sigma Gear Pakistan,2025-04-01,6,473,4437261,4,302,5,1
196,PO-25-70597,Karachi Gear & Tools,2025-01-05,6,639,104474,6,639,2,0
197,PO-25-90053,Sukkur Tech Dynamics,2025-04-20,6,549,3251854,5,516,3,1
198,PO-24-49724,Multan TurboTech,2025-02-03,1,64,4573487,1,64,4,0
199,PO-25-90155,DeltaTech Assemblers,2024-11-21,1,86,1597212,1,82,3,2
200,PO-24-24440,MechLabs Pakistan,2024-08-30,2,240,2416438,1,129,3,0
201,PO-25-62214,GearHub Engineering,2025-06-10,5,461,1625092,4,343,4,0
202,PO-25-28427,Sheikhupura Transmission Co.,2025-01-10,2,250,4113460,1,131,3,0
203,PO-24-18314,Pak Mechtronics Co.,2025-03-07,1,131,2065621,1,118,2,2
204,PO-25-86748,Vertex Automotives,2024-08-27,8,635,1146685,5,346,3,0
205,PO-25-59197,MechLabs Pakistan,2025-06-03,3,218,4249334,2,124,2,0
206,PO-24-66491,AutoLogic Supplies,2024-09-14,6,472,1579404,2,236,1,0
207,PO-24-89803,Mardan AutoElectrics,2025-02-15,9,1137,1967007,7,897,3,1
208,PO-25-43349,DeltaTech Assemblers,2025-04-18,4,465,3064400,3,374,5,0
209,PO-24-46213,Sialkot Precision Motors,2025-01-29,6,808,3280242,4,673,3,3
210,PO-24-22943,Hyderabad Tech Fabricators,2025-05-11,5,628,3234987,4,602,5,2
211,PO-24-98299,NexGen Tech & Motors,2024-08-10,8,967,1588924,4,613,3,0
212,PO-25-62598,Orbit Tech Industries,2025-02-11,5,598,509551,4,393,3,0
213,PO-24-98727,Vertex Automotives,2025-04-11,2,195,804332,1,109,4,1
214,PO-24-42646,AlphaDrive Pakistan,2024-10-30,8,537,2708287,8,537,2,0
215,PO-24-25159,Quetta Auto Parts House,2025-05-12,9,1011,916041,5,621,4,0
216,PO-24-41062,TechnoAuto Pvt Ltd,2024-10-12,3,315,575794,1,213,4,1
217,PO-25-34494,AutoLogic Supplies,2025-01-18,1,43,2427524,1,35,5,0
218,PO-24-39560,NexGen Tech & Motors,2024-09-13,4,303,2199097,4,290,3,1
219,PO-25-77821,Sheikhupura Transmission Co.,2024-08-10,5,622,1498726,4,508,4,0
220,PO-25-44577,Sargodha Auto Components,2024-12-13,8,1004,974756,4,556,3,0
221,PO-25-41264,Gujranwala Automotive Solutions,2024-10-26,5,478,2501254,4,373,3,2
222,PO-25-15473,MechLabs Pakistan,2024-09-13,7,744,2706440,4,488,4,1
223,PO-24-55047,Peshawar Mechatronics,2024-10-26,6,539,1550799,5,539,2,0
224,PO-25-40583,AlphaDrive Pakistan,2024-11-08,3,306,450289,1,197,3,1
225,PO-24-40282,Sheikhupura Transmission Co.,2025-05-21,9,782,954755,8,495,4,0
226,PO-25-76352,TorqueWorks Pakistan,2024-08-14,6,455,2414929,4,309,5,1
227,PO-25-56737,Gujranwala Automotive Solutions,2025-02-24,3,158,4846249,2,108,4,1
228,PO-25-99186,Abbottabad Smart Motors,2025-01-17,9,935,4668820,6,723,2,2
229,PO-24-81487,Sigma Gear Pakistan,2024-08-11,9,1017,1096327,5,515,4,0
230,PO-24-77916,Karachi Gear & Tools,2024-07-22,4,419,4341819,3,307,3,2
231,PO-24-87324,Peshawar Mechatronics,2024-10-07,1,146,169655,1,146,5,0
232,PO-25-85899,Sheikhupura Transmission Co.,2024-08-14,7,1054,4775104,4,553,2,0
233,PO-24-23227,Sialkot Precision Motors,2024-12-05,7,926,2739429,3,529,2,0
234,PO-25-12698,Faisalabad Drive Systems,2024-11-07,5,570,2405934,2,285,5,0
235,PO-24-45238,Sargodha Auto Components,2024-08-16,6,795,2725161,3,563,3,0
236,PO-25-84849,Sialkot Precision Motors,2025-06-03,2,177,1403104,1,88,3,0
237,PO-25-48817,Peshawar Mechatronics,2024-10-15,9,886,460820,7,886,3,0
238,PO-24-25369,Advance Auto Solutions,2025-03-19,5,269,3729358,3,141,4,2
239,PO-25-75383,Gilgit Engine & Assembly,2025-02-08,3,498,3152329,1,260,3,0
240,PO-25-36541,Sukkur Tech Dynamics,2024-12-05,4,167,1260935,4,167,2,1
241,PO-25-80770,DeltaTech Assemblers,2025-02-15,1,42,3216018,1,42,2,1
242,PO-25-16477,TechnoAuto Pvt Ltd,2024-08-17,3,191,3174339,2,150,5,1
243,PO-24-90640,Sigma Gear Pakistan,2025-04-10,6,518,405693,6,517,1,0
244,PO-25-53782,Peshawar Mechatronics,2024-09-09,1,79,3155461,1,71,4,0
245,PO-25-11734,Sukkur Tech Dynamics,2024-09-20,2,108,2562906,1,54,2,0
246,PO-25-82556,Quetta Auto Parts House,2024-08-17,8,989,3338404,6,625,5,0
247,PO-25-72719,Advance Auto Solutions,2025-05-09,3,313,1811994,1,242,3,0
248,PO-25-59331,AlphaDrive Pakistan,2025-01-29,6,597,115857,5,439,4,2
249,PO-24-43625,Sialkot Precision Motors,2025-01-15,4,647,1831121,3,480,5,0
250,PO-24-82371,Quetta Auto Parts House,2024-11-15,9,552,3247062,7,295,2,1
251,PO-24-32278,TorqueWorks Pakistan,2024-09-30,2,191,1981673,2,177,3,0
252,PO-25-15137,Sheikhupura Transmission Co.,2025-06-16,6,816,3783740,5,789,3,2
253,PO-25-17492,Advance Auto Solutions,2024-11-14,5,582,4915389,3,399,2,0
254,PO-25-61318,Sukkur Tech Dynamics,2025-04-29,7,532,2793019,2,317,3,0
255,PO-24-71754,Quetta Auto Parts House,2024-11-10,3,449,1919637,3,424,3,1
256,PO-24-72570,Faisalabad Drive Systems,2025-04-04,4,202,839573,2,112,4,1
257,PO-24-72130,Sigma Gear Pakistan,2025-02-08,2,283,4448516,1,142,4,0
258,PO-25-94766,Pak Mobility Systems,2024-10-12,8,763,2746867,6,550,2,0
259,PO-24-69245,Karachi Gear & Tools,2025-06-08,2,216,2766029,1,122,5,0
260,PO-24-42009,TechnoAuto Pvt Ltd,2024-08-16,4,487,2925236,3,349,4,0
261,PO-25-48606,AutoLogic Supplies,2024-09-02,2,236,3365317,1,158,2,0
262,PO-25-14556,MechLabs Pakistan,2025-06-25,1,168,198694,1,168,3,0
263,PO-24-88253,Zenith Motor Parts,2025-05-06,4,538,4815888,3,467,4,1
264,PO-25-65581,BluePeak Motors,2025-03-30,6,583,4589473,5,487,1,0
265,PO-25-76287,Quetta Auto Parts House,2024-11-08,3,78,424308,3,75,2,1
266,PO-24-36544,Khan AutoTech Pvt Ltd,2025-06-03,9,896,3175859,7,628,2,0
267,PO-25-34533,DeltaTech Assemblers,2024-08-08,8,580,3817580,8,580,3,3
268,PO-24-89544,Zenith Motor Parts,2025-04-13,1,97,1809163,1,92,2,0
269,PO-25-31673,Pak Mechtronics Co.,2024-10-15,6,740,4943123,4,370,4,0
270,PO-24-11566,Abbottabad Smart Motors,2024-11-15,2,251,293422,1,159,3,0
271,PO-25-76152,Quetta Auto Parts House,2025-02-06,2,206,1755273,1,112,2,0
272,PO-25-35267,Sargodha Auto Components,2024-12-28,8,576,2431417,7,576,3,0
273,PO-24-93883,AutoLogic Supplies,2024-07-08,4,611,2026574,3,464,5,0
274,PO-24-75221,Rawalpindi Powertrain Systems,2024-11-20,4,448,2096080,3,448,2,0
275,PO-24-84454,BluePeak Motors,2024-07-11,4,610,1105196,2,353,2,0
276,PO-25-32254,TorqueWorks Pakistan,2025-02-04,2,189,3520172,1,96,2,0
277,PO-24-70577,Zenith Motor Parts,2024-10-25,9,992,2310819,9,951,4,0
278,PO-25-94403,Faisalabad Drive Systems,2024-08-13,9,1038,4102585,6,742,4,0
279,PO-25-58834,Peshawar Mechatronics,2025-06-18,1,26,2337323,1,26,3,0
280,PO-24-63007,Orbit Tech Industries,2025-01-22,1,181,1496139,1,181,4,1
281,PO-24-34252,Khan AutoTech Pvt Ltd,2024-10-15,5,463,2156271,4,398,5,0
282,PO-24-49518,Rawalpindi Powertrain Systems,2024-08-15,9,906,3831266,3,453,4,0
283,PO-24-75416,Sukkur Tech Dynamics,2025-04-22,3,380,2683062,1,236,2,1
284,PO-25-93698,Vertex Automotives,2024-12-05,4,337,817377,3,219,3,2
285,PO-25-15816,Islamabad Tech Supply Co.,2025-02-05,2,291,638406,1,146,3,0
286,PO-25-64173,Rawalpindi Powertrain Systems,2024-09-15,6,746,716569,4,614,2,1
287,PO-25-56548,NexGen Tech & Motors,2025-04-25,6,723,3959578,5,625,4,0
288,PO-24-46549,Peshawar Mechatronics,2024-10-30,3,259,2444510,2,159,2,2
289,PO-25-60160,Lahore Motor Works,2024-11-03,8,1068,4054403,8,1068,3,0
290,PO-24-53347,Orbit Tech Industries,2025-02-22,1,52,2382291,1,47,4,0
291,PO-24-30644,Sargodha Auto Components,2024-08-12,4,361,933103,3,219,4,0
292,PO-25-12277,NexGen Tech & Motors,2024-11-18,6,574,1036449,4,487,5,2
293,PO-25-59267,Hyderabad Tech Fabricators,2024-11-20,4,540,1264183,1,322,4,0
294,PO-24-72951,GearHub Engineering,2024-10-19,2,323,3314529,1,205,1,0
295,PO-25-38196,MechLabs Pakistan,2024-09-10,4,414,1885260,2,289,2,0
296,PO-25-47433,Karachi Gear & Tools,2024-11-15,9,929,3205170,5,658,3,0
297,PO-25-43545,Khan AutoTech Pvt Ltd,2024-08-21,5,387,1939739,4,331,4,1
298,PO-24-14940,Rawalpindi Powertrain Systems,2025-02-27,4,490,2533656,3,283,5,2
299,PO-25-75664,Bahawalpur Tech Traders,2025-03-31,7,587,3128600,4,417,3,0
300,PO-24-34830,Quetta Auto Parts House,2024-12-09,9,919,3463902,5,878,4,0
301,PO-25-62635,Gilgit Engine & Assembly,2025-04-02,2,145,1057735,2,145,4,0
302,PO-25-36646,Sargodha Auto Components,2025-04-17,1,134,3068538,1,125,2,0
303,PO-25-71076,Gujranwala Automotive Solutions,2024-07-08,9,695,305512,6,548,4,0
304,PO-25-60585,Islamabad Tech Supply Co.,2024-07-16,4,388,979225,2,194,2,0
305,PO-24-94178,Pak Mobility Systems,2024-09-19,9,967,2253864,9,801,3,0
306,PO-25-93854,Islamabad Tech Supply Co.,2024-09-19,1,141,1331609,1,138,3,2
307,PO-24-29969,Hyderabad Tech Fabricators,2025-06-18,2,139,720711,1,84,5,0
308,PO-25-83130,Quetta Auto Parts House,2025-05-09,6,798,1642539,4,554,4,1
309,PO-24-11732,Sheikhupura Transmission Co.,2025-05-08,6,788,2733194,4,505,1,0
310,PO-24-76332,Lahore Motor Works,2025-01-04,4,533,1150393,3,508,2,0
311,PO-25-60635,Pak Mechtronics Co.,2024-12-04,3,464,517936,1,232,4,0
312,PO-25-65832,Advance Auto Solutions,2025-01-11,7,613,216681,4,437,2,0
313,PO-25-80903,Bahawalpur Tech Traders,2025-04-09,2,371,2476005,1,226,4,0
314,PO-25-60239,Sukkur Tech Dynamics,2025-01-14,4,550,3953218,2,371,3,0
315,PO-25-75089,Mardan AutoElectrics,2025-03-15,8,1157,3667555,6,935,1,0
316,PO-25-23712,Pak Mobility Systems,2024-08-04,6,458,3543324,6,458,4,0
317,PO-24-83762,Peshawar Mechatronics,2025-05-21,1,10,2015770,1,8,3,1
318,PO-24-73626,Multan TurboTech,2024-10-26,4,463,263575,3,274,2,0
319,PO-25-86091,NexGen Tech & Motors,2024-12-03,3,349,2920108,2,174,3,0
320,PO-24-35791,DeltaTech Assemblers,2024-11-19,1,102,4592605,1,99,4,0
321,PO-25-68216,GearHub Engineering,2024-07-14,4,505,4382321,2,252,3,0
322,PO-25-78938,GearHub Engineering,2025-04-02,6,590,336705,3,334,3,0
323,PO-24-84280,Vertex Automotives,2025-01-18,3,226,252449,2,165,4,0
324,PO-24-52768,MechLabs Pakistan,2024-11-03,8,1272,4085026,6,1272,4,0
325,PO-24-48308,AlphaDrive Pakistan,2025-06-03,3,498,2186111,1,349,2,0
326,PO-25-72165,Sargodha Auto Components,2025-04-26,4,420,345156,3,285,3,0
327,PO-24-83453,AutoLogic Supplies,2024-11-25,4,354,4672935,3,202,3,0
328,PO-24-54276,TorqueWorks Pakistan,2024-10-20,2,265,1631468,1,140,4,1
329,PO-25-79099,DeltaTech Assemblers,2025-06-10,4,343,733309,3,208,3,1
330,PO-25-44321,Lahore Motor Works,2024-08-15,5,384,435456,3,334,3,0
331,PO-25-57810,Sigma Gear Pakistan,2025-05-04,7,843,2309422,3,575,1,1
332,PO-25-43848,Faisalabad Drive Systems,2025-01-26,6,706,4306619,5,513,5,0
333,PO-25-53227,AutoLogic Supplies,2024-11-18,2,241,1454405,1,129,2,1
334,PO-25-15601,Islamabad Tech Supply Co.,2025-03-03,5,576,3174073,4,446,3,0
335,PO-25-49159,Peshawar Mechatronics,2025-02-28,3,194,3079006,1,97,3,0
336,PO-24-52564,Hyderabad Tech Fabricators,2024-12-21,8,973,3959910,7,704,4,0
337,PO-24-13398,Pak Mechtronics Co.,2025-03-25,8,857,1091753,8,786,2,0
338,PO-25-92422,AutoLogic Supplies,2025-05-23,5,649,4515932,2,324,5,0
339,PO-24-70402,Pak Mechtronics Co.,2025-04-24,7,595,638985,4,298,4,0
340,PO-25-28554,MechLabs Pakistan,2024-07-28,3,416,576054,3,411,2,0
341,PO-25-60714,Quetta Auto Parts House,2025-03-11,1,128,547369,1,113,3,0
342,PO-25-41685,Hyderabad Tech Fabricators,2024-11-23,7,820,4037428,5,410,4,0
343,PO-24-24829,Lahore Motor Works,2025-05-06,7,761,1313826,3,517,2,0
344,PO-25-76868,Sukkur Tech Dynamics,2025-03-22,3,294,1021087,3,294,3,1
345,PO-25-51652,Advance Auto Solutions,2024-12-09,8,923,2500105,6,628,3,0
346,PO-24-47851,Sigma Gear Pakistan,2024-11-21,6,673,2882408,2,336,3,0
347,PO-24-98846,Pak Mobility Systems,2025-05-18,7,844,3076466,6,750,5,0
348,PO-25-11762,Bahawalpur Tech Traders,2025-04-09,1,56,3607446,1,48,4,0
349,PO-25-19750,DeltaTech Assemblers,2025-05-31,2,212,2085297,1,106,4,3
350,PO-25-29332,Khan AutoTech Pvt Ltd,2024-11-17,6,790,3354900,3,636,2,0
351,PO-24-97878,Gujranwala Automotive Solutions,2025-06-24,8,764,950548,8,715,2,1
352,PO-24-44881,NexGen Tech & Motors,2024-07-15,2,257,4395971,1,144,2,0
353,PO-25-84955,AlphaDrive Pakistan,2025-02-07,6,744,4215182,5,642,4,1
354,PO-24-57353,Quetta Auto Parts House,2024-12-20,9,1064,4816948,3,532,4,2
355,PO-25-20283,Pak Mobility Systems,2024-07-08,6,601,2469001,2,405,2,0
356,PO-24-11363,Rawalpindi Powertrain Systems,2025-04-03,9,1143,493258,7,1086,2,0
357,PO-24-65030,Sialkot Precision Motors,2025-05-16,8,653,3813886,5,326,2,1
358,PO-24-83624,Khan AutoTech Pvt Ltd,2024-07-10,1,13,2284616,1,13,4,1
359,PO-25-43711,Sigma Gear Pakistan,2024-10-28,6,831,540731,6,794,4,2
360,PO-24-82704,Pak Mechtronics Co.,2025-04-12,4,390,2684986,2,200,2,1
361,PO-24-34375,Hyderabad Tech Fabricators,2024-08-06,1,149,561022,1,149,3,0
362,PO-24-19478,TorqueWorks Pakistan,2025-04-17,9,964,2234935,8,923,2,1
363,PO-24-11735,Islamabad Tech Supply Co.,2025-03-23,9,972,629871,6,512,4,0
364,PO-25-74122,Pak Mechtronics Co.,2024-09-16,3,426,3650099,1,298,1,0
365,PO-25-45016,Gilgit Engine & Assembly,2024-08-06,2,135,3873607,1,89,4,0
366,PO-24-88464,Quetta Auto Parts House,2024-10-30,5,863,4968457,3,432,3,1
367,PO-25-31868,TorqueWorks Pakistan,2025-01-01,8,622,3540568,5,364,5,0
368,PO-25-90792,Advance Auto Solutions,2024-12-20,7,904,713747,6,847,3,2
369,PO-24-27800,Lahore Motor Works,2024-09-23,1,30,190778,1,29,4,2
370,PO-25-13527,Orbit Tech Industries,2024-08-20,1,129,4965353,1,129,4,1
371,PO-25-50554,NexGen Tech & Motors,2024-12-01,8,815,3854627,5,593,3,0
372,PO-24-74912,AlphaDrive Pakistan,2024-07-08,3,273,2120651,1,136,4,0
373,PO-24-10787,Abbottabad Smart Motors,2025-06-17,5,560,2669491,3,310,2,0
374,PO-24-21144,TorqueWorks Pakistan,2024-11-19,3,305,1942162,1,152,2,0
375,PO-24-70373,BluePeak Motors,2024-10-24,7,458,2364371,4,229,2,1
376,PO-25-90858,Lahore Motor Works,2024-08-20,3,323,4007549,2,236,4,0
377,PO-25-18955,AutoLogic Supplies,2025-04-04,1,127,1240783,1,118,4,0
378,PO-24-11766,Rawalpindi Powertrain Systems,2024-09-11,6,590,3929227,5,518,3,0
379,PO-24-99707,Lahore Motor Works,2025-02-22,2,271,2426316,1,136,4,0
380,PO-24-56956,Khan AutoTech Pvt Ltd,2025-04-10,1,53,550413,1,53,2,0
381,PO-24-97989,Karachi Gear & Tools,2025-04-28,4,484,3546380,1,269,3,0
382,PO-25-78827,Lahore Motor Works,2025-02-22,7,1046,3829683,6,783,2,0
383,PO-24-40612,TorqueWorks Pakistan,2025-04-09,8,861,4489899,5,659,2,0
384,PO-24-42537,Mardan AutoElectrics,2025-03-07,5,407,662105,2,205,5,1
385,PO-25-49900,Sukkur Tech Dynamics,2024-07-26,6,503,726535,6,503,3,0
386,PO-25-38717,BluePeak Motors,2025-04-20,7,600,3314083,4,300,2,0
387,PO-25-88035,Sheikhupura Transmission Co.,2025-03-17,5,548,4753788,2,436,5,1
388,PO-25-37205,Lahore Motor Works,2024-12-06,9,1098,3692641,8,1052,2,1
389,PO-24-22577,Orbit Tech Industries,2024-12-08,4,389,2249757,3,367,2,0
390,PO-25-99703,AutoLogic Supplies,2024-08-20,3,428,1285671,3,428,2,1
391,PO-25-42987,Sheikhupura Transmission Co.,2025-02-26,9,967,803249,8,747,3,2
392,PO-25-50426,Islamabad Tech Supply Co.,2025-01-14,8,1014,2240628,8,1014,3,0
393,PO-24-59326,Hyderabad Tech Fabricators,2024-11-20,8,838,3816782,6,639,3,0
394,PO-25-42697,Pak Mobility Systems,2025-06-30,1,34,4028075,1,34,3,0
395,PO-24-29528,Sheikhupura Transmission Co.,2024-11-17,7,813,3217423,7,766,3,0
396,PO-25-39112,Mardan AutoElectrics,2024-09-19,2,341,1505614,1,170,1,1
397,PO-25-79201,NexGen Tech & Motors,2025-05-04,4,540,549582,1,270,2,0
398,PO-25-49718,Rawalpindi Powertrain Systems,2024-09-09,5,582,3013965,3,349,3,0
399,PO-25-98667,Orbit Tech Industries,2025-03-21,1,158,3977495,1,158,2,0
400,PO-24-87368,Islamabad Tech Supply Co.,2024-08-10,4,595,4058824,2,420,3,0
401,PO-24-66403,Sargodha Auto Components,2024-12-09,9,715,4661748,8,648,5,0
402,PO-25-32964,BluePeak Motors,2025-05-16,4,491,3651116,3,424,3,1
403,PO-24-46772,Hyderabad Tech Fabricators,2024-08-19,7,751,1360510,6,580,4,0
404,PO-25-66219,GearHub Engineering,2024-12-25,6,610,1181450,5,538,4,0
405,PO-25-25261,Vertex Automotives,2024-08-18,4,503,3820519,3,356,5,0
406,PO-24-69510,AlphaDrive Pakistan,2024-07-31,5,349,4041348,3,192,1,1
407,PO-24-17751,AutoLogic Supplies,2024-10-18,9,770,483477,8,741,3,0
408,PO-24-91359,Abbottabad Smart Motors,2025-02-05,6,627,1282299,4,367,2,1
409,PO-25-48055,Hyderabad Tech Fabricators,2025-01-02,3,284,381504,1,142,4,3
410,PO-25-32887,DeltaTech Assemblers,2025-01-19,1,81,3086713,1,81,2,2
411,PO-24-85218,Orbit Tech Industries,2024-08-09,2,188,4986537,1,152,2,2
412,PO-25-96726,Advance Auto Solutions,2024-10-27,1,121,2239335,1,121,2,0
413,PO-24-14734,Peshawar Mechatronics,2025-04-05,2,236,3743849,1,118,5,2
414,PO-25-51154,Quetta Auto Parts House,2024-08-03,1,113,265107,1,105,3,0
415,PO-24-60262,AutoLogic Supplies,2024-11-17,2,213,667215,1,109,2,0
416,PO-25-98254,TorqueWorks Pakistan,2024-12-04,1,109,1200525,1,93,4,2
417,PO-24-39135,TorqueWorks Pakistan,2025-04-22,3,245,4915775,2,155,2,1
418,PO-25-75791,Zenith Motor Parts,2025-01-07,3,342,4179641,1,217,3,0
419,PO-25-20792,Peshawar Mechatronics,2024-08-29,3,436,4951842,2,325,5,1
420,PO-25-40851,Bahawalpur Tech Traders,2025-01-03,8,635,4662092,6,590,2,0
421,PO-24-23070,Mardan AutoElectrics,2024-07-28,8,830,4654265,7,826,2,1
422,PO-25-29605,Sukkur Tech Dynamics,2024-10-01,5,511,3129665,4,395,4,2
423,PO-24-12033,DeltaTech Assemblers,2025-03-03,3,221,2556643,2,139,2,1
424,PO-24-11964,GearHub Engineering,2024-07-07,5,666,3751947,4,666,3,0
425,PO-24-86071,Quetta Auto Parts House,2024-08-17,2,193,2469979,1,96,2,1
426,PO-24-72064,NexGen Tech & Motors,2025-05-01,8,790,3561250,6,713,5,0
427,PO-25-87261,NexGen Tech & Motors,2024-09-17,2,243,4741251,1,151,3,0
428,PO-24-88040,Abbottabad Smart Motors,2024-07-06,1,113,2624029,1,113,3,0
429,PO-24-71309,Quetta Auto Parts House,2024-07-14,9,538,251966,7,482,3,0
430,PO-25-62028,Advance Auto Solutions,2025-05-02,7,670,2586465,6,522,3,0
431,PO-24-54102,Advance Auto Solutions,2025-01-15,7,808,1269766,6,808,3,0
432,PO-25-82590,AutoLogic Supplies,2025-02-22,7,807,3345593,4,404,2,0
433,PO-24-66841,Zenith Motor Parts,2024-12-14,3,270,4663316,2,212,2,0
434,PO-24-35047,Sukkur Tech Dynamics,2025-01-06,8,760,765866,5,430,2,2
435,PO-24-50681,TechnoAuto Pvt Ltd,2025-02-18,1,34,3713117,1,33,3,0
436,PO-24-57064,Pak Mobility Systems,2024-11-07,3,234,4680804,1,131,4,1
437,PO-24-68484,Islamabad Tech Supply Co.,2024-11-22,4,557,2169306,4,557,2,0
438,PO-24-75668,Lahore Motor Works,2025-06-11,9,821,937344,8,671,2,1
439,PO-25-27789,Khan AutoTech Pvt Ltd,2024-12-23,3,299,1848805,3,299,5,0
440,PO-24-69499,Multan TurboTech,2025-05-04,3,264,259087,3,264,2,1
441,PO-25-79320,Abbottabad Smart Motors,2024-12-04,3,344,4182734,2,234,1,0
442,PO-24-44717,Gilgit Engine & Assembly,2024-10-24,3,160,1428632,3,160,2,0
443,PO-25-34956,Orbit Tech Industries,2025-06-18,8,860,420979,7,780,3,0
444,PO-24-31031,NexGen Tech & Motors,2024-10-03,8,676,3398509,8,676,5,0
445,PO-24-35394,Faisalabad Drive Systems,2025-02-07,7,598,101194,2,299,2,1
446,PO-24-14006,Sigma Gear Pakistan,2025-04-19,6,786,2660338,4,511,4,1
447,PO-25-72597,Advance Auto Solutions,2025-06-27,7,675,2116535,7,604,4,2
448,PO-24-50703,AutoLogic Supplies,2025-04-17,5,400,3635374,4,260,2,0
449,PO-25-52241,GearHub Engineering,2025-06-15,5,559,3757906,4,503,2,0
450,PO-24-56040,Khan AutoTech Pvt Ltd,2024-08-13,7,700,279079,6,494,1,0
451,PO-25-71369,Mardan AutoElectrics,2025-03-04,8,652,427333,6,572,3,1
452,PO-24-63692,Gujranwala Automotive Solutions,2024-10-06,9,901,4454926,9,901,4,0
453,PO-25-73873,NexGen Tech & Motors,2025-06-22,6,492,4851690,5,415,3,2
454,PO-25-36143,Sheikhupura Transmission Co.,2024-08-21,6,626,510429,4,313,2,0
455,PO-25-28193,Khan AutoTech Pvt Ltd,2025-06-27,7,931,1725883,4,558,5,0
456,PO-24-68014,Advance Auto Solutions,2024-11-26,7,898,2904166,3,449,3,0
457,PO-25-36080,Peshawar Mechatronics,2024-11-29,6,579,1385120,6,427,2,1
458,PO-25-27394,Karachi Gear & Tools,2025-03-30,2,320,4992622,1,200,1,0
459,PO-25-38394,Sheikhupura Transmission Co.,2024-08-01,2,301,569211,2,301,2,0
460,PO-25-34057,Sialkot Precision Motors,2025-05-03,9,1056,4369468,9,932,4,0
461,PO-25-44935,Hyderabad Tech Fabricators,2024-10-14,9,994,3099269,8,975,2,0
462,PO-25-30857,AutoLogic Supplies,2024-10-19,9,981,4509244,9,823,2,0
463,PO-24-61219,Vertex Automotives,2024-12-17,2,202,4920590,1,108,4,2
464,PO-25-20441,Sukkur Tech Dynamics,2025-05-20,5,338,2801363,3,169,2,0
465,PO-25-47861,Faisalabad Drive Systems,2025-05-23,8,706,1634981,7,586,5,0
466,PO-24-20487,Bahawalpur Tech Traders,2025-05-08,3,391,4093428,2,272,2,0
467,PO-25-14929,Lahore Motor Works,2024-10-12,7,727,4164895,4,424,2,0
468,PO-24-22370,Rawalpindi Powertrain Systems,2025-05-29,5,233,4559214,5,213,4,0
469,PO-25-32757,Mardan AutoElectrics,2024-07-03,8,927,1527513,7,795,2,1
470,PO-24-46304,Sukkur Tech Dynamics,2024-08-11,7,959,352558,4,574,3,0
471,PO-25-23890,Peshawar Mechatronics,2025-05-15,7,732,4182476,4,374,2,2
472,PO-25-70681,AutoLogic Supplies,2024-07-04,9,896,3835059,6,674,4,0
473,PO-24-59511,Advance Auto Solutions,2024-08-04,8,1036,3635079,8,1036,3,1
474,PO-24-56568,Islamabad Tech Supply Co.,2024-09-23,9,855,834233,7,715,3,0
475,PO-24-59741,Multan TurboTech,2025-06-06,3,299,1752042,2,192,5,0
476,PO-24-60146,Rawalpindi Powertrain Systems,2025-02-20,7,714,4298857,7,714,3,0
477,PO-24-22417,TechnoAuto Pvt Ltd,2025-01-18,2,109,1656456,1,56,2,0
478,PO-24-52113,Sheikhupura Transmission Co.,2025-03-08,9,1428,4605209,5,904,3,0
479,PO-25-30132,BluePeak Motors,2024-10-05,1,16,4636713,1,15,4,2
480,PO-25-23830,Sialkot Precision Motors,2024-10-17,7,686,4933380,6,571,3,2
481,PO-24-29532,Sigma Gear Pakistan,2024-11-05,5,603,1337211,2,490,1,0
482,PO-25-25836,AlphaDrive Pakistan,2024-12-14,7,774,1106645,6,510,1,0
483,PO-25-37989,Pak Mechtronics Co.,2025-03-04,4,330,981727,3,191,2,0
484,PO-25-82820,AlphaDrive Pakistan,2024-11-05,5,594,2944760,3,297,3,0
485,PO-24-19622,AutoLogic Supplies,2024-11-02,3,397,570985,2,225,2,0
486,PO-24-40798,AlphaDrive Pakistan,2024-11-03,8,549,466442,6,355,2,0
487,PO-24-48035,Rawalpindi Powertrain Systems,2025-01-02,3,382,2196475,1,205,4,1
488,PO-25-65862,Zenith Motor Parts,2025-02-20,8,1194,1268289,5,687,3,0
489,PO-24-42822,Pak Mechtronics Co.,2024-07-08,6,519,4667101,4,304,3,0
490,PO-25-39162,Hyderabad Tech Fabricators,2025-06-02,6,867,869921,3,434,2,0
491,PO-24-44022,Faisalabad Drive Systems,2024-12-16,3,170,2180565,1,108,2,0
492,PO-24-51106,Sialkot Precision Motors,2024-09-11,1,151,1065810,1,151,3,1
493,PO-25-54290,DeltaTech Assemblers,2025-03-23,1,185,155198,1,185,4,0
494,PO-25-73030,GearHub Engineering,2024-12-17,7,655,1528784,3,328,1,0
495,PO-25-71603,Abbottabad Smart Motors,2025-02-17,9,957,1554036,8,694,2,0
496,PO-25-33235,Orbit Tech Industries,2024-08-30,6,546,843388,6,546,4,0
497,PO-24-15111,Mardan AutoElectrics,2024-07-24,5,535,1986485,3,362,2,3
498,PO-24-38095,Karachi Gear & Tools,2024-08-23,8,530,2262110,5,471,5,1
499,PO-25-80987,Pak Mobility Systems,2024-10-01,7,748,2758049,3,501,3,0
500,PO-25-95725,Faisalabad Drive Systems,2024-12-30,6,470,3539600,4,318,4,0
501,PO-24-53700,MechLabs Pakistan,2025-02-13,8,708,4812135,7,609,3,0
502,PO-25-56421,Orbit Tech Industries,2024-09-24,9,775,3074077,4,388,2,0
503,PO-25-16968,NexGen Tech & Motors,2024-12-02,4,662,3261304,3,331,2,0
504,PO-24-71777,Lahore Motor Works,2024-09-02,3,379,4394968,1,193,4,0
505,PO-24-59924,Faisalabad Drive Systems,2024-09-21,3,342,2705333,2,218,3,0
506,PO-25-72462,Gujranwala Automotive Solutions,2024-08-21,4,399,3778448,3,394,2,0
507,PO-24-66481,Peshawar Mechatronics,2024-10-12,6,639,1296147,5,424,3,0
508,PO-25-63457,Vertex Automotives,2024-08-27,7,643,324811,7,643,3,0
509,PO-25-74039,Rawalpindi Powertrain Systems,2025-02-12,2,277,1437072,1,138,3,0
510,PO-25-21398,BluePeak Motors,2024-08-24,7,562,4894318,7,507,2,1
511,PO-24-55211,AutoLogic Supplies,2024-07-18,5,598,3126935,4,468,2,1
512,PO-25-63283,Khan AutoTech Pvt Ltd,2025-01-18,1,183,3673229,1,160,4,0
513,PO-25-67130,TechnoAuto Pvt Ltd,2024-07-08,7,797,2381198,4,454,1,0
514,PO-25-30197,Vertex Automotives,2025-05-14,6,910,3234333,4,556,1,0
515,PO-24-60349,Abbottabad Smart Motors,2025-06-22,6,871,3131517,4,750,4,0
516,PO-25-69942,Sigma Gear Pakistan,2025-06-26,7,853,2608053,4,662,2,2
517,PO-24-51558,Multan TurboTech,2025-06-02,5,545,3773081,3,272,3,0
518,PO-24-66028,Gujranwala Automotive Solutions,2024-09-17,1,57,2521507,1,57,2,1
519,PO-24-96814,Gilgit Engine & Assembly,2024-07-07,5,768,2711224,4,504,2,0
520,PO-24-75291,TorqueWorks Pakistan,2024-12-01,2,294,4669445,1,211,2,0
521,PO-24-11803,Sigma Gear Pakistan,2024-10-08,4,377,2187498,2,213,3,1
522,PO-24-38841,TechnoAuto Pvt Ltd,2024-11-18,9,725,2411206,7,646,4,0
523,PO-24-42046,Vertex Automotives,2025-03-28,1,140,1801395,1,118,2,0
524,PO-24-52190,Bahawalpur Tech Traders,2025-05-24,6,717,3699407,4,420,2,2
525,PO-25-96946,Gujranwala Automotive Solutions,2025-01-01,5,520,876213,3,260,3,2
526,PO-25-40472,NexGen Tech & Motors,2025-06-16,8,849,2240045,8,849,4,2
527,PO-25-47728,Bahawalpur Tech Traders,2024-07-10,7,518,3223975,7,479,3,2
528,PO-24-27668,DeltaTech Assemblers,2025-06-13,3,322,4044786,2,283,3,1
529,PO-25-50413,Rawalpindi Powertrain Systems,2025-01-20,7,1028,3056904,4,514,2,0
530,PO-25-16450,Abbottabad Smart Motors,2025-01-25,9,888,3103491,9,827,2,2
531,PO-24-22335,NexGen Tech & Motors,2025-02-25,6,667,2523571,1,334,3,0
532,PO-25-88001,Hyderabad Tech Fabricators,2025-01-13,2,128,3063574,2,128,2,1
533,PO-25-93814,Zenith Motor Parts,2024-08-08,8,791,2943318,8,628,1,0
534,PO-24-18018,NexGen Tech & Motors,2025-03-05,7,657,672497,7,657,1,0
535,PO-24-91007,Hyderabad Tech Fabricators,2025-04-30,5,414,4857780,5,414,5,0
536,PO-24-56143,TechnoAuto Pvt Ltd,2024-11-18,9,740,1389578,5,472,1,0
537,PO-25-38964,Islamabad Tech Supply Co.,2025-05-26,2,332,3231522,1,191,3,1
538,PO-24-94470,Lahore Motor Works,2024-11-27,5,450,3083435,5,450,2,3
539,PO-24-55684,Abbottabad Smart Motors,2024-12-24,2,263,3240440,1,132,1,0
540,PO-25-98342,NexGen Tech & Motors,2024-10-20,8,923,4421567,8,893,4,1
541,PO-25-85120,Sargodha Auto Components,2024-08-28,7,643,3903910,7,620,3,2
542,PO-25-41493,Abbottabad Smart Motors,2024-09-06,4,416,3873252,1,231,2,1
543,PO-25-73649,Khan AutoTech Pvt Ltd,2024-09-05,6,672,724907,5,575,2,0
544,PO-25-54265,TechnoAuto Pvt Ltd,2024-08-24,3,238,4279002,2,159,3,0
545,PO-24-60435,Islamabad Tech Supply Co.,2025-06-23,1,155,4872207,1,155,2,0
546,PO-25-61894,NexGen Tech & Motors,2025-06-01,5,447,670648,5,447,3,0
547,PO-24-63515,Karachi Gear & Tools,2025-03-03,5,443,3282782,1,293,2,2
548,PO-25-19132,Islamabad Tech Supply Co.,2024-08-11,8,974,2167326,7,965,2,2
549,PO-24-11302,Zenith Motor Parts,2025-05-01,2,174,1045411,1,87,3,1
550,PO-24-52802,Pak Mobility Systems,2024-09-26,4,422,4249138,2,228,3,0
551,PO-24-28493,Hyderabad Tech Fabricators,2025-04-02,3,233,1314857,2,168,5,2
552,PO-25-33641,Gujranwala Automotive Solutions,2024-12-14,7,702,2887487,7,674,3,0
553,PO-25-94893,Sialkot Precision Motors,2025-04-08,8,839,2965831,4,516,2,0
554,PO-25-76579,Karachi Gear & Tools,2024-11-17,8,914,1437103,4,649,4,0
555,PO-25-32377,TorqueWorks Pakistan,2025-02-22,4,363,4688202,3,282,3,0
556,PO-25-64539,Orbit Tech Industries,2024-08-04,6,731,3933674,5,481,5,0
557,PO-24-35984,Rawalpindi Powertrain Systems,2025-01-21,8,991,2425846,5,697,5,0
558,PO-25-44044,Sigma Gear Pakistan,2025-06-01,5,377,4855410,4,337,5,2
559,PO-24-28127,Gujranwala Automotive Solutions,2025-04-06,2,199,3575414,1,121,1,2
560,PO-24-40820,Hyderabad Tech Fabricators,2025-05-29,8,945,2527254,7,836,4,0
561,PO-25-93461,Mardan AutoElectrics,2024-11-27,7,775,2853191,5,697,3,1
562,PO-24-82739,Lahore Motor Works,2024-07-14,9,716,2724700,6,426,3,1
563,PO-25-80838,AutoLogic Supplies,2024-09-12,1,100,2282524,1,100,2,2
564,PO-24-90219,Quetta Auto Parts House,2025-06-19,7,709,1800802,4,429,4,0
565,PO-24-33374,Bahawalpur Tech Traders,2025-04-28,5,407,2826036,4,319,2,1
566,PO-25-40592,NexGen Tech & Motors,2024-09-22,1,157,3158872,1,152,1,0
567,PO-24-80496,DeltaTech Assemblers,2024-12-19,5,389,4144196,5,389,3,0
568,PO-25-34974,GearHub Engineering,2025-03-15,2,255,2910456,1,128,2,0
569,PO-24-78820,Orbit Tech Industries,2024-09-01,5,384,1954347,3,272,4,0
570,PO-25-43431,AlphaDrive Pakistan,2024-09-29,7,668,4141573,3,384,2,2
571,PO-24-44690,Rawalpindi Powertrain Systems,2024-07-17,9,1343,4307176,8,1283,1,0
572,PO-25-59970,TorqueWorks Pakistan,2024-11-03,9,1193,3056764,6,807,2,0
573,PO-24-92560,Sheikhupura Transmission Co.,2025-02-27,5,471,2205495,4,466,2,0
574,PO-25-81821,Gujranwala Automotive Solutions,2024-08-07,3,288,3788724,2,197,2,1
575,PO-25-17248,Orbit Tech Industries,2024-11-19,6,571,1305591,4,444,5,1
576,PO-25-44572,GearHub Engineering,2025-01-20,3,282,691320,2,205,3,0
577,PO-25-85019,Zenith Motor Parts,2024-09-25,1,36,3604165,1,35,3,2
578,PO-24-97534,Rawalpindi Powertrain Systems,2025-01-05,1,113,1731919,1,108,2,1
579,PO-25-69751,Karachi Gear & Tools,2024-10-06,2,213,1646882,1,106,1,0
580,PO-24-32007,Sargodha Auto Components,2024-07-19,8,988,4594873,8,988,2,0
581,PO-24-54894,Quetta Auto Parts House,2025-01-19,9,594,360844,4,297,4,3
582,PO-24-99951,TechnoAuto Pvt Ltd,2025-06-20,9,742,4173189,5,371,5,0
583,PO-24-90605,Abbottabad Smart Motors,2024-09-20,8,845,2756077,6,711,2,0
584,PO-24-85564,Gilgit Engine & Assembly,2024-08-28,9,859,613164,8,685,4,0
585,PO-24-61662,TorqueWorks Pakistan,2025-02-25,7,642,4950985,6,642,3,1
586,PO-24-82219,MechLabs Pakistan,2024-07-17,1,149,1445685,1,149,3,2
587,PO-25-73900,Multan TurboTech,2024-10-08,9,1053,903847,6,712,2,0
588,PO-25-41275,Advance Auto Solutions,2024-11-19,1,50,2915337,1,50,3,0
589,PO-25-58779,Rawalpindi Powertrain Systems,2025-01-11,5,497,1632001,3,369,3,1
590,PO-25-57100,Orbit Tech Industries,2025-02-23,7,801,2176721,5,732,1,1
591,PO-25-38207,Multan TurboTech,2025-05-26,4,399,3934034,2,200,3,0
592,PO-24-59130,Lahore Motor Works,2024-08-07,8,703,1169449,5,374,3,3
593,PO-25-87195,MechLabs Pakistan,2024-07-16,7,602,3277589,6,428,3,0
594,PO-25-77981,Gujranwala Automotive Solutions,2025-03-05,2,164,111989,1,82,4,0
595,PO-25-91016,Lahore Motor Works,2024-10-01,3,325,4161162,2,259,2,0
596,PO-24-43117,NexGen Tech & Motors,2024-11-08,2,305,2748718,1,175,3,1
597,PO-24-64633,Pak Mobility Systems,2025-06-02,7,852,4685959,3,494,2,0
598,PO-25-19451,NexGen Tech & Motors,2025-01-12,9,756,4501849,5,490,3,0
599,PO-25-25940,Multan TurboTech,2024-11-10,1,101,4426064,1,101,2,1
600,PO-25-38562,Zenith Motor Parts,2025-06-01,5,386,851858,4,251,4,3
601,PO-24-33046,GearHub Engineering,2024-12-08,8,972,4439694,4,486,3,0
602,PO-24-37244,Peshawar Mechatronics,2025-03-07,8,1041,4917560,7,669,3,2
603,PO-24-25220,MechLabs Pakistan,2025-04-06,3,324,1601439,2,162,1,0
604,PO-25-92784,BluePeak Motors,2025-06-17,3,354,2750461,2,248,1,0
605,PO-25-38877,Karachi Gear & Tools,2025-06-04,6,757,1539091,4,406,5,0
606,PO-24-47371,Hyderabad Tech Fabricators,2024-11-02,5,693,1730886,4,624,3,0
607,PO-25-71059,MechLabs Pakistan,2025-06-15,5,544,2370928,3,432,4,0
608,PO-24-94757,Islamabad Tech Supply Co.,2025-02-14,5,351,1366080,4,226,3,1
609,PO-25-50626,GearHub Engineering,2024-08-02,3,427,2458451,3,408,2,1
610,PO-25-73926,Khan AutoTech Pvt Ltd,2025-02-08,8,710,3584834,4,412,3,0
611,PO-24-45352,Abbottabad Smart Motors,2025-02-05,9,1203,3829017,9,1091,1,1
612,PO-25-96263,AutoLogic Supplies,2024-07-12,2,124,3678541,1,87,3,0
613,PO-24-21625,Mardan AutoElectrics,2024-09-05,9,990,3227380,4,664,4,1
614,PO-25-32277,Sialkot Precision Motors,2025-05-25,3,507,3195790,2,300,3,0
615,PO-24-43756,Vertex Automotives,2025-05-16,8,635,4741962,4,344,3,0
616,PO-24-93384,Bahawalpur Tech Traders,2025-03-19,8,832,3482020,8,814,2,0
617,PO-25-41695,Sukkur Tech Dynamics,2025-03-23,1,67,2260798,1,62,2,2
618,PO-24-67924,TechnoAuto Pvt Ltd,2024-11-13,6,840,2066050,5,659,2,1
619,PO-25-11440,AlphaDrive Pakistan,2024-12-12,8,883,2012737,4,570,2,0
620,PO-24-56214,Sigma Gear Pakistan,2025-01-14,1,150,4370300,1,144,3,0
621,PO-24-67043,TechnoAuto Pvt Ltd,2024-09-02,7,908,1206101,2,454,3,0
622,PO-24-22535,Quetta Auto Parts House,2025-06-05,5,495,4063021,3,248,3,0
623,PO-25-11800,Vertex Automotives,2024-08-26,7,615,2617948,4,308,5,0
624,PO-24-73215,Abbottabad Smart Motors,2024-10-28,3,461,2639107,2,340,3,0
625,PO-25-26429,Orbit Tech Industries,2025-01-29,5,419,1501499,2,273,2,0
626,PO-25-47620,Sialkot Precision Motors,2024-09-15,2,246,3808706,1,148,4,0
627,PO-24-78495,AlphaDrive Pakistan,2024-09-24,5,391,3740956,3,196,3,0
628,PO-24-26691,BluePeak Motors,2025-06-24,2,188,3091406,1,109,1,0
629,PO-25-12910,MechLabs Pakistan,2024-08-20,5,556,1777781,5,527,1,0
630,PO-24-18961,AutoLogic Supplies,2024-12-14,1,134,4850093,1,132,2,0
631,PO-25-30281,Advance Auto Solutions,2025-02-16,4,511,232941,3,358,2,3
632,PO-25-92374,Khan AutoTech Pvt Ltd,2024-07-29,2,256,2322841,1,148,1,0
633,PO-25-50121,Multan TurboTech,2024-11-21,2,105,3710069,1,56,2,0
634,PO-24-80246,Lahore Motor Works,2025-01-17,2,186,929377,2,169,2,2
635,PO-25-77648,TorqueWorks Pakistan,2024-07-31,7,671,1914352,6,500,2,0
636,PO-25-56928,Khan AutoTech Pvt Ltd,2025-01-24,9,1344,4633061,7,1041,3,0
637,PO-25-42617,Lahore Motor Works,2024-12-08,3,199,62414,2,100,2,0
638,PO-24-47991,Sheikhupura Transmission Co.,2025-04-22,4,317,3294026,4,317,2,0
639,PO-25-81913,Hyderabad Tech Fabricators,2024-08-27,8,988,4965822,8,982,1,2
640,PO-25-50624,Multan TurboTech,2025-02-21,6,932,3790941,5,849,3,0
641,PO-25-65281,Sigma Gear Pakistan,2024-08-21,1,200,89489,1,200,5,1
642,PO-24-81229,Islamabad Tech Supply Co.,2025-05-28,2,373,1730079,1,186,3,0
643,PO-25-67822,TechnoAuto Pvt Ltd,2024-07-08,9,987,1957430,8,968,2,0
644,PO-24-64840,Sargodha Auto Components,2024-09-19,4,327,904679,3,327,3,0
645,PO-25-73152,Pak Mobility Systems,2024-10-30,8,817,2488692,6,446,3,0
646,PO-25-70531,MechLabs Pakistan,2024-12-26,1,137,3930954,1,137,5,0
647,PO-24-48643,Advance Auto Solutions,2024-09-19,9,1250,3305693,5,733,3,2
648,PO-24-91641,Faisalabad Drive Systems,2025-02-19,8,737,3513640,8,609,2,0
649,PO-24-86455,Faisalabad Drive Systems,2025-02-19,8,588,2086846,4,381,3,1
650,PO-25-29604,AutoLogic Supplies,2025-02-25,4,255,4418786,3,168,4,0
651,PO-25-33887,Sigma Gear Pakistan,2024-08-22,8,862,987377,8,836,1,0
652,PO-25-97220,Sargodha Auto Components,2024-08-03,5,599,89881,5,599,1,1
653,PO-24-29544,Rawalpindi Powertrain Systems,2025-01-31,3,266,2843038,2,189,3,0
654,PO-24-79647,Peshawar Mechatronics,2024-10-26,9,1059,4722524,1,682,3,0
655,PO-25-43180,Gujranwala Automotive Solutions,2025-02-13,4,413,4923758,3,346,2,0
656,PO-25-60737,Sukkur Tech Dynamics,2025-06-25,6,490,4150829,2,302,4,0
657,PO-24-31255,Rawalpindi Powertrain Systems,2024-10-13,1,144,4600852,1,116,3,0
658,PO-25-57710,Rawalpindi Powertrain Systems,2024-12-27,9,1005,3185370,4,606,2,2
659,PO-25-20285,Peshawar Mechatronics,2024-10-28,4,351,3121921,4,319,3,0
660,PO-25-39929,Sheikhupura Transmission Co.,2024-12-09,6,760,3235892,4,380,4,0
661,PO-25-48466,Sukkur Tech Dynamics,2025-04-02,9,907,4301938,9,786,2,2
662,PO-24-15726,DeltaTech Assemblers,2024-10-18,2,73,677993,1,36,2,1
663,PO-24-69300,Sheikhupura Transmission Co.,2024-12-14,9,1197,1947893,4,777,2,1
664,PO-24-19666,Sigma Gear Pakistan,2024-08-16,7,614,1390942,6,412,3,0
665,PO-24-22201,Khan AutoTech Pvt Ltd,2025-03-31,8,725,985064,8,725,2,0
666,PO-25-69002,MechLabs Pakistan,2025-03-07,8,664,4021114,6,548,2,0
667,PO-24-40789,AlphaDrive Pakistan,2025-02-24,2,154,4450055,1,94,3,0
668,PO-25-69437,Islamabad Tech Supply Co.,2024-12-15,1,180,1437932,1,180,2,1
669,PO-25-86308,Orbit Tech Industries,2025-03-05,3,443,4904179,2,287,2,0
670,PO-25-29439,Pak Mechtronics Co.,2024-09-11,6,390,2029100,4,270,2,0
671,PO-25-10199,Hyderabad Tech Fabricators,2024-08-07,5,483,827596,4,476,4,0
672,PO-24-11630,Khan AutoTech Pvt Ltd,2024-10-05,3,188,4487913,1,96,3,2
673,PO-24-67734,Sheikhupura Transmission Co.,2024-12-09,2,79,4572160,1,51,4,0
674,PO-24-53742,Rawalpindi Powertrain Systems,2025-02-17,6,454,3931699,3,227,4,3
675,PO-25-26282,Bahawalpur Tech Traders,2025-04-30,9,1115,4012758,9,1092,2,0
676,PO-24-84712,Sukkur Tech Dynamics,2025-05-06,9,979,3667226,8,979,5,1
677,PO-25-85380,Lahore Motor Works,2024-10-20,4,435,1651427,3,384,3,1
678,PO-25-13884,Mardan AutoElectrics,2024-08-07,2,324,2541890,1,225,4,0
679,PO-25-47723,GearHub Engineering,2024-08-12,6,755,4744448,4,476,2,1
680,PO-24-89017,Sargodha Auto Components,2024-09-29,6,552,1507788,4,277,3,1
681,PO-24-92702,Lahore Motor Works,2025-05-04,3,330,1007352,1,165,2,0
682,PO-25-41453,Hyderabad Tech Fabricators,2025-02-22,7,520,3305945,6,479,3,0
683,PO-24-63166,Sargodha Auto Components,2025-02-17,1,195,174878,1,195,3,1
684,PO-25-32182,Vertex Automotives,2025-03-09,7,753,2064899,6,516,3,0
685,PO-25-23799,MechLabs Pakistan,2025-02-26,7,641,2531950,5,506,3,0
686,PO-24-50672,Gilgit Engine & Assembly,2024-10-25,7,890,491681,4,445,4,1
687,PO-24-66831,Sigma Gear Pakistan,2024-10-20,9,724,2314697,5,507,5,0
688,PO-25-84498,Sukkur Tech Dynamics,2025-03-07,6,494,189588,3,291,2,0
689,PO-25-14539,Vertex Automotives,2024-07-18,6,686,2238008,4,435,2,1
690,PO-24-17153,Islamabad Tech Supply Co.,2024-11-09,2,190,1048031,2,155,3,0
691,PO-24-13214,Mardan AutoElectrics,2024-10-30,5,558,2197520,2,320,3,0
692,PO-24-46293,Rawalpindi Powertrain Systems,2024-08-06,4,412,3970511,4,337,1,0
693,PO-24-36385,DeltaTech Assemblers,2025-04-12,5,494,2368517,4,449,3,0
694,PO-25-17557,Lahore Motor Works,2025-04-25,5,465,292486,5,414,3,0
695,PO-24-85393,Gujranwala Automotive Solutions,2024-12-26,1,198,3802832,1,198,2,0
696,PO-24-76257,Vertex Automotives,2024-10-21,6,750,1237898,3,375,3,0
697,PO-25-92812,Sargodha Auto Components,2025-04-04,2,187,2317451,1,133,4,0
698,PO-25-95908,Mardan AutoElectrics,2024-09-23,4,390,4269210,3,244,3,0
699,PO-24-52760,Pak Mobility Systems,2024-12-20,1,117,3470691,1,117,2,0
700,PO-24-66053,TechnoAuto Pvt Ltd,2025-06-14,6,536,192782,3,343,3,0
701,PO-24-37571,GearHub Engineering,2025-06-08,7,378,424933,6,322,5,0
702,PO-24-80805,Islamabad Tech Supply Co.,2025-04-19,6,555,4892337,4,393,5,0
703,PO-24-74537,Sheikhupura Transmission Co.,2025-02-06,5,397,3710228,3,237,4,0
704,PO-25-62195,AutoLogic Supplies,2025-01-29,1,72,712569,1,69,1,2
705,PO-25-49816,Sukkur Tech Dynamics,2025-03-13,3,98,1124686,2,49,1,0
706,PO-24-55172,TorqueWorks Pakistan,2025-06-09,4,502,1054221,2,296,5,0
707,PO-25-23809,Hyderabad Tech Fabricators,2024-10-12,4,376,1079933,3,297,3,3
708,PO-25-72401,Quetta Auto Parts House,2025-03-05,1,155,4882382,1,148,4,0
709,PO-24-97255,Karachi Gear & Tools,2025-01-23,4,558,4632486,3,401,2,1
710,PO-25-62717,MechLabs Pakistan,2025-06-29,2,210,2961267,2,210,4,1
711,PO-25-96587,GearHub Engineering,2025-04-16,1,73,3208452,1,73,3,1
712,PO-24-44207,NexGen Tech & Motors,2025-06-26,1,90,2886353,1,88,3,3
713,PO-25-80812,Gilgit Engine & Assembly,2025-03-10,9,582,663323,8,480,3,0
714,PO-25-13033,Gilgit Engine & Assembly,2025-01-19,8,903,4506508,6,611,2,0
715,PO-25-42587,Pak Mobility Systems,2024-07-30,2,310,2517234,1,203,1,1
716,PO-24-27128,TorqueWorks Pakistan,2025-06-06,3,149,2240226,2,124,3,0
717,PO-24-44699,Hyderabad Tech Fabricators,2025-03-29,7,553,4642102,4,353,4,0
718,PO-24-89530,Faisalabad Drive Systems,2025-01-19,9,986,143538,4,666,3,1
719,PO-25-20962,AlphaDrive Pakistan,2025-01-13,5,423,1719507,5,423,2,0
720,PO-24-95247,TechnoAuto Pvt Ltd,2024-11-27,8,817,3903798,8,817,5,0
721,PO-25-18765,Sargodha Auto Components,2024-11-29,4,415,4829061,1,345,2,0
722,PO-25-57796,Peshawar Mechatronics,2024-09-24,9,1161,944231,4,823,1,0
723,PO-24-49376,Lahore Motor Works,2025-02-23,6,563,747791,4,324,3,0
724,PO-24-26757,Bahawalpur Tech Traders,2024-07-07,2,201,4891780,1,123,4,1
725,PO-25-70997,Pak Mechtronics Co.,2024-10-19,7,673,1410915,6,612,3,0
726,PO-24-92253,Hyderabad Tech Fabricators,2025-06-09,5,607,2659193,2,399,4,0
727,PO-25-45681,TechnoAuto Pvt Ltd,2024-12-12,8,873,2700649,7,873,2,1
728,PO-24-45777,Karachi Gear & Tools,2025-04-01,3,250,2877636,2,201,3,2
729,PO-24-46120,Khan AutoTech Pvt Ltd,2024-10-06,4,443,3815890,3,274,3,0
730,PO-24-88041,MechLabs Pakistan,2025-06-01,3,201,3206393,3,197,3,2
731,PO-25-87113,AlphaDrive Pakistan,2024-07-05,8,571,4497060,6,387,2,0
732,PO-25-85175,Faisalabad Drive Systems,2024-12-06,9,751,4423165,7,548,2,0
733,PO-24-11425,Bahawalpur Tech Traders,2025-01-12,8,1011,816632,6,871,4,0
734,PO-25-79861,Sheikhupura Transmission Co.,2025-06-03,4,718,4063327,3,621,2,0
735,PO-25-10150,Hyderabad Tech Fabricators,2024-11-22,9,1015,4157585,8,670,3,1
736,PO-25-85147,TechnoAuto Pvt Ltd,2024-10-31,4,349,2854486,3,307,4,0
737,PO-25-53252,Karachi Gear & Tools,2025-01-11,7,724,1398976,4,362,3,0
738,PO-25-48913,Islamabad Tech Supply Co.,2025-04-09,8,865,2141864,6,780,2,1
739,PO-24-97757,Sheikhupura Transmission Co.,2025-02-09,3,167,2743921,1,139,5,0
740,PO-25-73972,TechnoAuto Pvt Ltd,2025-03-31,3,220,4022167,2,118,2,0
741,PO-24-21837,AlphaDrive Pakistan,2025-06-03,3,330,265229,2,318,3,0
742,PO-25-33646,Bahawalpur Tech Traders,2024-07-22,7,999,1933352,4,779,3,0
743,PO-25-84204,Sialkot Precision Motors,2024-07-10,8,906,2645646,7,678,3,0
744,PO-25-28642,Mardan AutoElectrics,2024-07-10,4,302,4506394,3,232,3,2
745,PO-24-50355,Gujranwala Automotive Solutions,2025-01-18,2,170,4975994,1,85,3,0
746,PO-25-99057,MechLabs Pakistan,2024-12-05,2,229,570744,1,161,5,1
747,PO-24-95217,Islamabad Tech Supply Co.,2025-04-30,5,516,670057,4,451,3,0
748,PO-25-46188,Khan AutoTech Pvt Ltd,2025-02-15,2,221,3355013,1,128,3,0
749,PO-25-44809,Mardan AutoElectrics,2025-02-15,8,915,4535885,6,740,4,1
750,PO-24-55706,Zenith Motor Parts,2025-01-04,3,186,249524,1,121,5,2
751,PO-25-84680,Hyderabad Tech Fabricators,2024-10-12,3,409,1645076,2,313,2,0
752,PO-24-80337,Khan AutoTech Pvt Ltd,2025-04-06,2,228,3155801,2,228,3,0
753,PO-24-23035,Vertex Automotives,2025-02-10,2,125,2197601,2,115,3,0
754,PO-24-48554,Gilgit Engine & Assembly,2024-07-16,4,517,151267,3,278,4,0
755,PO-24-18750,Sargodha Auto Components,2024-12-06,2,181,4113128,1,90,4,0
756,PO-24-84217,AutoLogic Supplies,2025-04-04,6,596,1994655,5,549,4,1
757,PO-24-51967,NexGen Tech & Motors,2025-04-13,8,994,1114310,3,576,3,1
758,PO-24-21679,Multan TurboTech,2024-10-08,5,557,1052072,4,318,3,1
759,PO-24-47641,Advance Auto Solutions,2024-10-04,8,958,914052,6,549,1,0
760,PO-25-44846,Lahore Motor Works,2024-08-31,5,569,4410594,4,490,2,1
761,PO-24-10595,Advance Auto Solutions,2025-04-12,5,551,4872016,3,281,4,0
762,PO-25-85233,Abbottabad Smart Motors,2024-11-17,6,590,1852156,5,519,1,2
763,PO-24-30432,Advance Auto Solutions,2025-06-12,5,440,390549,4,396,3,0
764,PO-24-65408,Quetta Auto Parts House,2024-09-23,1,37,823050,1,34,2,0
765,PO-24-40565,Advance Auto Solutions,2025-06-07,8,809,326691,6,643,3,0
766,PO-25-84244,TechnoAuto Pvt Ltd,2024-07-11,4,375,4173178,2,188,2,0
767,PO-24-12174,Zenith Motor Parts,2024-07-20,3,290,338660,2,206,1,0
768,PO-25-96889,Sheikhupura Transmission Co.,2024-12-18,6,800,2571560,5,635,2,0
769,PO-24-63908,Pak Mechtronics Co.,2025-02-28,7,776,3080352,4,582,5,1
770,PO-24-78595,Sheikhupura Transmission Co.,2025-05-21,6,377,1699188,3,270,4,0
771,PO-25-46827,Sialkot Precision Motors,2024-11-11,8,806,938022,7,695,4,1
772,PO-25-54895,Bahawalpur Tech Traders,2024-11-24,8,872,1272185,6,655,2,0
773,PO-24-59065,Orbit Tech Industries,2025-03-19,1,57,3254864,1,56,2,0
774,PO-24-29129,AlphaDrive Pakistan,2024-12-06,6,736,1071428,6,736,3,0
775,PO-24-16885,Zenith Motor Parts,2025-03-24,8,953,194883,7,858,2,0
776,PO-25-30631,TorqueWorks Pakistan,2024-11-12,2,171,597612,1,92,3,1
777,PO-25-83841,Hyderabad Tech Fabricators,2024-09-25,9,1113,4297739,6,819,3,0
778,PO-25-39621,Lahore Motor Works,2025-05-21,8,1103,2203865,5,742,2,0
779,PO-24-55907,AutoLogic Supplies,2025-05-25,9,819,3844772,8,786,5,0
780,PO-25-64081,Khan AutoTech Pvt Ltd,2025-04-10,3,327,742566,1,168,2,0
781,PO-24-47426,Sialkot Precision Motors,2025-04-03,9,1054,1481738,9,1054,3,0
782,PO-24-78013,DeltaTech Assemblers,2025-04-29,6,718,1682006,3,472,3,0
783,PO-25-49177,AutoLogic Supplies,2025-06-26,4,629,1979192,1,444,4,0
784,PO-25-81194,Sukkur Tech Dynamics,2025-04-27,6,535,1952486,4,301,5,0
785,PO-25-79084,Advance Auto Solutions,2025-06-09,1,193,3094657,1,193,2,2
786,PO-24-68066,Orbit Tech Industries,2024-10-05,5,271,1833118,3,199,2,0
787,PO-25-93368,TechnoAuto Pvt Ltd,2025-04-19,5,456,3237763,5,398,3,0
788,PO-25-63993,TorqueWorks Pakistan,2025-06-26,7,920,2622239,4,528,3,1
789,PO-24-33161,GearHub Engineering,2025-02-18,2,195,1600593,1,124,4,0
790,PO-25-70549,Abbottabad Smart Motors,2024-07-02,3,268,2746815,1,189,4,0
791,PO-25-30477,Islamabad Tech Supply Co.,2024-10-30,7,882,1753829,7,882,2,0
792,PO-25-52986,Advance Auto Solutions,2025-05-09,9,829,2426224,7,646,4,1
793,PO-24-96075,DeltaTech Assemblers,2025-04-28,4,363,1902362,3,287,4,0
794,PO-25-19105,Lahore Motor Works,2025-02-09,4,306,156224,3,231,5,0
795,PO-25-27785,GearHub Engineering,2024-10-22,4,424,127837,3,405,4,2
796,PO-25-50377,Karachi Gear & Tools,2024-10-14,9,979,4496107,7,808,5,1
797,PO-24-17160,Quetta Auto Parts House,2024-11-13,6,543,2373331,4,272,2,0
798,PO-24-87566,Khan AutoTech Pvt Ltd,2024-10-13,5,517,422065,5,517,4,1
799,PO-25-94597,Peshawar Mechatronics,2025-05-28,8,854,3481179,7,854,1,1
800,PO-25-43497,Sheikhupura Transmission Co.,2025-02-07,1,10,4999544,1,10,2,1
801,PO-25-26841,DeltaTech Assemblers,2025-06-12,1,44,2904299,1,41,4,0
802,PO-24-79319,Orbit Tech Industries,2025-02-27,9,898,3359912,8,851,4,0
803,PO-25-55473,Bahawalpur Tech Traders,2025-04-21,5,589,715764,5,555,2,0
804,PO-25-80601,Sargodha Auto Components,2024-07-21,8,897,2425656,5,584,3,0
805,PO-24-21321,Rawalpindi Powertrain Systems,2024-07-05,3,193,2839238,1,118,2,2
806,PO-25-24370,Advance Auto Solutions,2024-10-08,2,338,3498620,1,169,3,0
807,PO-25-22784,Orbit Tech Industries,2024-09-23,4,168,3470026,2,84,1,0
808,PO-25-77083,NexGen Tech & Motors,2025-03-22,7,820,1818501,3,410,2,0
809,PO-24-62924,Rawalpindi Powertrain Systems,2024-07-04,5,335,3777996,3,230,2,0
810,PO-25-10796,Pak Mechtronics Co.,2024-12-26,2,215,1230674,1,108,3,1
811,PO-24-83292,Lahore Motor Works,2024-07-04,8,862,2986700,6,694,2,0
812,PO-25-93218,Multan TurboTech,2024-10-27,4,343,3925119,1,229,2,0
813,PO-25-73128,DeltaTech Assemblers,2025-06-05,9,876,3546227,6,685,4,0
814,PO-24-29368,Orbit Tech Industries,2024-11-01,2,242,4211392,1,121,5,1
815,PO-25-87500,Pak Mobility Systems,2025-05-05,3,208,1673576,1,113,3,1
816,PO-24-83173,Multan TurboTech,2024-11-02,9,1048,592114,4,529,2,0
817,PO-24-58916,Sigma Gear Pakistan,2024-12-07,9,988,648879,9,703,1,0
818,PO-24-29680,Multan TurboTech,2024-09-24,8,716,198954,7,658,4,1
819,PO-25-48825,NexGen Tech & Motors,2025-04-07,8,565,726055,4,364,4,1
820,PO-24-46514,Lahore Motor Works,2024-09-04,4,467,4001479,2,289,4,1
821,PO-24-61453,Karachi Gear & Tools,2025-02-01,3,286,2359113,2,143,5,0
822,PO-24-75021,Khan AutoTech Pvt Ltd,2024-07-16,8,841,1963208,7,832,4,3
823,PO-25-45434,Quetta Auto Parts House,2024-07-06,5,464,1617593,2,296,2,0
824,PO-24-27682,Faisalabad Drive Systems,2024-07-19,6,671,1473461,5,539,1,0
825,PO-25-97033,AlphaDrive Pakistan,2025-04-05,5,418,4187666,3,281,4,0
826,PO-24-19571,Sigma Gear Pakistan,2025-02-17,2,176,3591164,2,176,4,2
827,PO-25-89748,Rawalpindi Powertrain Systems,2024-08-10,2,212,4357332,1,139,5,1
828,PO-25-93292,Rawalpindi Powertrain Systems,2024-12-28,7,840,2855761,6,786,2,0
829,PO-25-60859,Mardan AutoElectrics,2024-10-04,3,122,1732601,2,81,2,0
830,PO-24-31101,Sargodha Auto Components,2025-02-01,2,302,4482252,1,151,4,0
831,PO-24-59351,Sigma Gear Pakistan,2025-03-31,8,770,3827212,6,678,2,1
832,PO-25-38157,Peshawar Mechatronics,2024-12-17,2,133,3095505,1,77,3,0
833,PO-24-76100,Quetta Auto Parts House,2024-10-10,3,308,1516147,3,251,4,2
834,PO-24-77224,Khan AutoTech Pvt Ltd,2025-04-20,3,328,682739,3,313,4,0
835,PO-25-47351,BluePeak Motors,2024-09-07,3,355,433604,2,205,2,1
836,PO-24-84588,TorqueWorks Pakistan,2024-12-22,5,415,1366398,3,312,3,1
837,PO-24-54367,Gilgit Engine & Assembly,2025-04-16,7,867,617963,5,619,3,0
838,PO-25-66198,Abbottabad Smart Motors,2024-09-11,1,126,4828279,1,93,1,0
839,PO-24-97822,Karachi Gear & Tools,2024-07-16,1,25,2916572,1,24,2,0
840,PO-24-90396,Vertex Automotives,2024-09-04,6,736,4363695,4,499,2,0
841,PO-24-12879,Mardan AutoElectrics,2024-10-14,3,279,1449670,1,158,3,2
842,PO-24-58405,Advance Auto Solutions,2025-03-08,7,767,520219,6,608,4,0
843,PO-25-23386,Pak Mechtronics Co.,2024-12-11,7,725,2902239,6,680,2,2
844,PO-24-91547,TorqueWorks Pakistan,2024-12-01,5,604,4955358,4,604,1,0
845,PO-24-41657,TechnoAuto Pvt Ltd,2025-05-24,3,247,1352527,2,193,2,0
846,PO-25-99260,Faisalabad Drive Systems,2025-04-04,2,318,2477164,1,166,3,1
847,PO-24-27719,Khan AutoTech Pvt Ltd,2024-11-02,5,623,334709,3,375,3,0
848,PO-24-79033,Lahore Motor Works,2025-03-17,5,367,2308809,4,337,2,0
849,PO-25-15206,Hyderabad Tech Fabricators,2024-08-29,5,439,4646037,3,351,2,0
850,PO-24-69192,AutoLogic Supplies,2024-10-26,7,802,233352,6,618,3,0
851,PO-25-16781,Multan TurboTech,2024-09-06,3,149,231273,1,83,2,0
852,PO-24-56510,Hyderabad Tech Fabricators,2024-11-05,1,191,1193233,1,168,2,0
853,PO-25-20856,Rawalpindi Powertrain Systems,2024-07-25,8,861,4948472,5,521,4,1
854,PO-24-22996,Sigma Gear Pakistan,2025-06-02,3,148,1392980,1,81,2,0
855,PO-24-55276,Karachi Gear & Tools,2025-03-26,1,197,4694852,1,197,3,0
856,PO-25-82789,MechLabs Pakistan,2025-01-14,5,329,4356959,3,164,2,1
857,PO-24-61420,Rawalpindi Powertrain Systems,2024-10-13,4,642,437632,4,642,3,0
858,PO-25-98028,Gujranwala Automotive Solutions,2025-04-11,6,603,3874257,3,412,2,0
859,PO-25-56343,Hyderabad Tech Fabricators,2025-01-13,5,697,4860474,3,423,5,0
860,PO-25-51939,Lahore Motor Works,2025-02-01,8,873,1518009,3,534,4,3
861,PO-24-84938,Islamabad Tech Supply Co.,2024-12-27,1,135,2208769,1,107,2,0
862,PO-24-17032,Zenith Motor Parts,2025-05-28,7,920,2138099,6,871,4,0
863,PO-25-34281,Multan TurboTech,2024-07-17,4,538,4816966,2,269,1,0
864,PO-25-96454,Karachi Gear & Tools,2025-06-29,1,167,4872102,1,144,3,0
865,PO-24-97946,Abbottabad Smart Motors,2024-10-22,6,768,3290648,3,490,4,1
866,PO-24-39983,Peshawar Mechatronics,2025-06-25,1,86,4800149,1,80,4,1
867,PO-24-20732,Sheikhupura Transmission Co.,2025-03-18,1,51,1867362,1,51,2,0
868,PO-24-51670,Sigma Gear Pakistan,2024-08-01,4,459,2318266,4,410,2,0
869,PO-24-31220,NexGen Tech & Motors,2024-11-07,6,418,3362316,3,297,4,1
870,PO-24-22648,Sargodha Auto Components,2024-11-27,5,588,3283849,3,474,3,0
871,PO-25-15069,Rawalpindi Powertrain Systems,2024-11-14,8,900,1656638,8,764,4,0
872,PO-24-25372,GearHub Engineering,2024-12-20,1,91,2408610,1,91,4,1
873,PO-25-34050,Gujranwala Automotive Solutions,2025-04-21,4,361,1181613,3,318,4,1
874,PO-25-37704,Mardan AutoElectrics,2024-11-23,3,317,1987060,1,212,1,0
875,PO-25-61000,BluePeak Motors,2024-11-11,5,316,1499908,3,192,3,0
876,PO-25-96042,Multan TurboTech,2025-04-25,8,1079,1184302,8,1079,5,0
877,PO-24-40085,BluePeak Motors,2024-09-30,3,224,450541,2,147,2,0
878,PO-25-70658,Gujranwala Automotive Solutions,2024-11-16,8,719,116021,7,599,4,0
879,PO-25-62710,TechnoAuto Pvt Ltd,2025-02-15,1,22,151679,1,22,4,0
880,PO-24-65468,TechnoAuto Pvt Ltd,2024-08-14,9,1100,1278296,6,773,4,0
881,PO-24-86260,Quetta Auto Parts House,2024-11-29,4,186,2798102,2,93,2,1
882,PO-25-56906,Orbit Tech Industries,2024-11-04,5,306,2459218,2,176,5,0
883,PO-24-64781,Mardan AutoElectrics,2025-03-08,8,814,1252834,8,650,4,0
884,PO-24-39974,MechLabs Pakistan,2025-01-30,6,231,4340093,5,231,4,1
885,PO-25-36985,Bahawalpur Tech Traders,2025-06-18,2,144,4963774,1,91,1,0
886,PO-25-68070,Pak Mobility Systems,2024-08-30,7,767,333044,5,767,5,0
887,PO-24-49382,Mardan AutoElectrics,2025-01-23,7,722,4121870,7,722,3,0
888,PO-24-50081,Pak Mobility Systems,2024-10-22,5,588,4388723,4,588,3,0
889,PO-25-89280,Pak Mobility Systems,2025-02-28,3,184,2219512,2,184,2,0
890,PO-25-67065,Mardan AutoElectrics,2025-03-09,6,684,846929,4,437,3,2
891,PO-25-52050,Sheikhupura Transmission Co.,2025-01-22,7,627,2471726,7,602,4,2
892,PO-25-48965,Quetta Auto Parts House,2025-06-23,2,246,3350897,1,189,5,0
893,PO-25-37206,Quetta Auto Parts House,2025-06-24,7,949,89927,4,474,2,0
894,PO-24-27642,Sialkot Precision Motors,2025-05-19,3,371,214669,2,234,3,1
895,PO-24-82307,Zenith Motor Parts,2025-01-14,3,343,4227886,3,335,5,1
896,PO-24-36766,Orbit Tech Industries,2025-03-31,4,308,4894029,2,161,2,0
897,PO-24-18163,Islamabad Tech Supply Co.,2025-03-28,7,562,4660431,6,480,5,1
898,PO-24-46205,Hyderabad Tech Fabricators,2025-06-07,9,1005,361118,5,564,3,0
899,PO-24-89446,MechLabs Pakistan,2025-01-08,4,445,651706,2,222,5,3
900,PO-24-12760,Sheikhupura Transmission Co.,2025-04-12,9,854,1267977,3,427,3,0
901,PO-25-65400,Orbit Tech Industries,2024-07-04,4,306,599852,2,179,4,0
902,PO-24-18584,Islamabad Tech Supply Co.,2024-08-11,2,202,2522128,1,101,2,0
903,PO-24-40683,MechLabs Pakistan,2025-01-26,5,409,537485,2,204,2,2
904,PO-25-17962,Islamabad Tech Supply Co.,2024-09-01,8,737,4402544,6,509,2,0
905,PO-25-72642,BluePeak Motors,2025-03-04,4,210,1984998,2,120,3,1
906,PO-25-43633,AutoLogic Supplies,2024-10-09,9,816,3122578,5,512,1,1
907,PO-25-58436,AlphaDrive Pakistan,2024-11-21,7,766,3694210,5,509,4,1
908,PO-25-29097,Islamabad Tech Supply Co.,2025-02-19,7,695,1680435,6,537,5,0
909,PO-25-31424,Vertex Automotives,2024-12-24,8,712,355742,5,450,1,0
910,PO-25-65028,BluePeak Motors,2024-11-20,1,12,4523248,1,12,3,1
911,PO-25-34792,Vertex Automotives,2025-03-17,1,49,1038873,1,49,2,0
912,PO-24-44588,Gilgit Engine & Assembly,2025-03-11,2,232,4967875,1,141,4,0
913,PO-24-40281,TorqueWorks Pakistan,2025-06-25,1,91,2309257,1,91,2,0
914,PO-24-14107,Multan TurboTech,2024-10-19,9,777,2694773,4,395,3,1
915,PO-24-13192,Sigma Gear Pakistan,2025-06-23,8,935,2464335,8,853,3,2
916,PO-24-22348,Abbottabad Smart Motors,2025-05-13,5,505,870311,2,283,4,3
917,PO-24-54862,BluePeak Motors,2025-05-24,9,989,1361319,8,806,3,1
918,PO-24-28821,Islamabad Tech Supply Co.,2024-12-09,6,783,370864,6,738,1,0
919,PO-24-40340,NexGen Tech & Motors,2025-01-17,7,951,2142049,5,753,2,0
920,PO-24-83557,Orbit Tech Industries,2025-04-26,1,101,3187992,1,101,3,0
921,PO-25-25386,Abbottabad Smart Motors,2024-09-29,7,863,1962342,4,432,4,0
922,PO-25-54022,Lahore Motor Works,2025-01-02,6,588,2420847,4,423,2,0
923,PO-25-93963,Gilgit Engine & Assembly,2025-06-13,5,623,3820996,4,573,2,1
924,PO-25-94237,Sialkot Precision Motors,2024-08-06,9,747,690232,7,604,3,0
925,PO-25-62487,Lahore Motor Works,2024-07-28,7,701,808621,6,701,5,1
926,PO-25-19216,TorqueWorks Pakistan,2025-05-09,1,192,1195945,1,189,4,0
927,PO-25-77678,Vertex Automotives,2025-03-20,9,677,2186598,7,547,5,1
928,PO-24-64945,DeltaTech Assemblers,2024-11-27,8,978,703621,6,647,4,0
929,PO-25-49279,Khan AutoTech Pvt Ltd,2025-04-11,3,159,1849710,2,82,4,0
930,PO-25-40896,TechnoAuto Pvt Ltd,2024-09-15,1,12,2924678,1,10,5,0
931,PO-25-41442,Rawalpindi Powertrain Systems,2024-11-27,3,298,3485696,2,228,5,0
932,PO-25-67845,Sargodha Auto Components,2025-06-04,9,672,1161661,6,428,2,0
933,PO-25-23790,Khan AutoTech Pvt Ltd,2024-07-10,3,459,123257,1,254,5,1
934,PO-24-27355,Hyderabad Tech Fabricators,2025-04-13,9,769,1328084,6,545,1,0
935,PO-24-85958,Lahore Motor Works,2025-05-04,3,431,4489761,1,341,3,0
936,PO-24-19660,Karachi Gear & Tools,2024-08-19,2,186,919247,1,97,4,2
937,PO-24-49042,Multan TurboTech,2024-12-01,2,286,1407617,1,143,4,3
938,PO-24-62171,AutoLogic Supplies,2024-10-25,4,509,1905485,2,361,3,0
939,PO-25-88509,Khan AutoTech Pvt Ltd,2024-07-29,4,382,2751610,3,271,5,0
940,PO-25-33251,Zenith Motor Parts,2024-12-30,1,147,3540200,1,127,3,0
941,PO-25-77914,GearHub Engineering,2025-06-04,8,848,3143946,8,845,3,0
942,PO-24-64836,Gilgit Engine & Assembly,2025-06-27,7,665,265773,5,556,3,0
943,PO-24-50472,Lahore Motor Works,2025-02-20,9,847,272514,6,517,2,2
944,PO-25-30443,Mardan AutoElectrics,2024-09-20,4,405,2599962,4,389,1,0
945,PO-25-99554,Pak Mechtronics Co.,2025-01-23,1,182,3962469,1,182,5,0
946,PO-25-71492,Sukkur Tech Dynamics,2024-11-01,9,775,4655552,4,427,1,0
947,PO-25-57878,NexGen Tech & Motors,2024-11-03,2,263,2955292,1,132,4,1
948,PO-24-45096,Rawalpindi Powertrain Systems,2024-12-03,8,636,2191206,7,467,3,0
949,PO-24-81519,Sargodha Auto Components,2025-02-14,5,619,481448,2,310,2,0
950,PO-24-87363,Islamabad Tech Supply Co.,2024-12-28,5,416,4187054,4,318,2,0
951,PO-25-54940,AutoLogic Supplies,2024-12-09,2,247,751090,1,147,3,1
952,PO-24-68118,Mardan AutoElectrics,2025-03-24,4,570,4904304,1,403,2,0
953,PO-25-62144,Sigma Gear Pakistan,2024-11-03,6,670,3695327,4,383,1,0
954,PO-25-80423,Karachi Gear & Tools,2025-06-23,3,432,831005,2,216,3,0
955,PO-25-37517,Abbottabad Smart Motors,2025-05-12,2,291,2999957,1,156,2,1
956,PO-25-88154,Rawalpindi Powertrain Systems,2024-09-15,9,880,3168771,7,649,2,1
957,PO-25-72071,Abbottabad Smart Motors,2025-03-10,1,79,2292239,1,62,3,0
958,PO-25-25515,Rawalpindi Powertrain Systems,2024-12-29,5,729,1977238,4,577,2,0
959,PO-24-72166,TorqueWorks Pakistan,2024-08-14,4,527,3617742,1,282,3,0
960,PO-25-53657,Sheikhupura Transmission Co.,2025-04-26,4,355,2829418,3,352,2,0
961,PO-24-93931,NexGen Tech & Motors,2024-10-11,5,468,3541690,3,305,1,0
962,PO-24-30034,Orbit Tech Industries,2024-12-06,1,37,4907363,1,35,1,0
963,PO-24-24429,TorqueWorks Pakistan,2024-11-20,1,112,2290672,1,111,1,0
964,PO-25-70195,Faisalabad Drive Systems,2024-09-03,2,249,979574,1,124,3,0
965,PO-24-85029,DeltaTech Assemblers,2024-08-30,7,465,2756295,4,245,4,0
966,PO-25-16309,AutoLogic Supplies,2025-06-07,2,198,3823047,1,99,5,1
967,PO-25-40203,Sukkur Tech Dynamics,2025-04-10,9,967,2562206,7,905,2,0
968,PO-24-52261,Vertex Automotives,2025-02-17,5,471,796867,3,288,4,0
969,PO-25-84400,MechLabs Pakistan,2025-03-24,7,878,546353,5,621,3,1
970,PO-25-24052,Rawalpindi Powertrain Systems,2025-03-09,6,499,338548,5,378,2,3
971,PO-25-70966,Mardan AutoElectrics,2025-03-23,9,813,1188617,9,786,4,0
972,PO-24-32674,Sialkot Precision Motors,2024-09-09,8,573,3819360,6,458,2,2
973,PO-25-57381,Vertex Automotives,2025-02-01,2,185,2805376,1,92,4,0
974,PO-24-38288,Mardan AutoElectrics,2024-12-16,6,828,3520944,6,828,2,1
975,PO-24-51582,Sheikhupura Transmission Co.,2025-05-30,9,997,4346830,5,558,5,0
976,PO-25-11825,Islamabad Tech Supply Co.,2024-09-07,7,686,1349075,5,588,3,0
977,PO-24-60917,TorqueWorks Pakistan,2025-05-31,6,549,4204971,3,274,3,1
978,PO-25-56035,Gujranwala Automotive Solutions,2025-06-20,9,925,3247629,7,845,2,1
979,PO-25-54639,Gujranwala Automotive Solutions,2025-01-28,3,293,2139992,2,184,4,1
980,PO-25-14445,BluePeak Motors,2024-09-24,4,398,1140772,3,360,4,0
981,PO-25-15394,Faisalabad Drive Systems,2024-12-23,5,470,4109368,4,368,2,0
982,PO-25-10630,Multan TurboTech,2024-11-07,2,255,3089089,1,201,2,0
983,PO-25-30457,TechnoAuto Pvt Ltd,2025-05-18,3,189,3249714,2,126,3,1
984,PO-25-36288,DeltaTech Assemblers,2024-08-02,2,210,4756486,1,105,3,0
985,PO-24-10677,Advance Auto Solutions,2024-12-16,1,74,2137900,1,74,2,0
986,PO-24-77778,NexGen Tech & Motors,2025-04-24,5,402,3648005,4,274,2,0
987,PO-24-54716,Quetta Auto Parts House,2024-11-26,4,415,2170083,3,281,3,0
988,PO-25-63039,GearHub Engineering,2025-01-29,4,477,4082811,2,261,3,0
989,PO-24-82252,Karachi Gear & Tools,2025-05-07,2,240,4526747,1,160,2,0
990,PO-25-21005,Hyderabad Tech Fabricators,2024-10-03,9,649,93149,3,415,2,0
991,PO-25-71187,Quetta Auto Parts House,2024-08-29,7,551,3233930,6,542,2,0
992,PO-24-91763,Sheikhupura Transmission Co.,2025-06-09,2,85,4205205,2,74,3,0
993,PO-25-32121,DeltaTech Assemblers,2024-12-05,3,321,978599,3,321,3,1
994,PO-25-28597,Peshawar Mechatronics,2024-10-16,9,1037,4306754,6,640,5,0
995,PO-24-65906,Sukkur Tech Dynamics,2024-11-04,6,694,1626314,5,550,2,1
996,PO-24-52683,Hyderabad Tech Fabricators,2025-04-27,1,97,4025188,1,97,2,0
997,PO-25-85590,AutoLogic Supplies,2024-12-18,6,536,639517,3,272,1,2
998,PO-24-79121,GearHub Engineering,2024-12-02,7,941,1682113,5,941,5,1
999,PO-25-29253,Lahore Motor Works,2024-10-28,1,105,388733,1,105,3,0
1000,PO-24-76586,Sukkur Tech Dynamics,2025-01-20,8,902,3721912,8,843,2,1
